filter,doc_id,category,target,v2_correct,i2_correct,v2_final_answer,i2_final_answer,v2_response,i2_response
flexible-extract,15,i2_only,"If he purchases jewelry, he will make a profit of 2.5% which is $5000*(2.5/100) = $<<5000*(2.5/100)=125>>125 If he purchases electronic gadgets, he will make a profit of 1.2% which is $8000*(1.2/100) = $<<8000*(1.2/100)=96>>96 If he wants to maximize profit, since $125 > $96, he will choose to purchase jewelry, thereby making a profit of $<<125=125>>125 #### 125",0,1,96,125,"To determine the profit from each purchase plan, we need to calculate the new value of each item after the expected market increase. 1. **Jewelry:** - Current value: $5,000 - Market increase: 2.5% - New value: $5,000 * 0.025 = $125 - Profit from jewelry: $125 2. **Electronic Gadgets:** - Current value: $8,000 - Market increase: 1.2% - New value: $8,000 * 0.012 = $96 - Profit from electronic gadgets: $96 To maximize profit, the merchant should choose the purchase plan that yields the higher profit. In this case, the profit from jewelry is $125, and the profit from electronic gadgets is $96. Therefore, the merchant should choose the purchase plan with the electronic gadgets, as it will yield a higher profit. The profit at the end of the month is the profit from the electronic gadgets, which is $96. #### 96","To determine the profit from each purchase plan, we need to calculate the new value of each item after the expected market increase. 1. **Jewelry:** - Current value: $5,000 - Market increase: 2.5% - New value: $5,000 * 0.025 = $125 - Profit from jewelry: $125 2. **Electronic Gadgets:** - Current value: $8,000 - Market increase: 1.2% - New value: $8,000 * 0.012 = $96 - Profit from electronic gadgets: $96 To maximize profit, the merchant should choose the purchase plan that yields the higher profit. - Profit from jewelry: $125 - Profit from electronic gadgets: $96 Since $125 is greater than $96, the merchant should choose the jewelry purchase plan. Therefore, the maximum profit the merchant can achieve by choosing jewelry is the profit from the jewelry, which is $125. #### 125"
flexible-extract,20,v2_only,"There are 15 x 3/5 = <<15*3/5=9>>9 liters of water from the 15 liters pineapple drink. After 1 liter of orange drink was spilled, there were 10 - 1 = <<10-1=9>>9 liters of orange drink left. Out of the 9 liters, 9 x 2/3 = <<9*2/3=6>>6 liters are water. Thus, there are a total of 9 + 6 = <<9+6=15>>15 liters of water out of the 24 liters. #### 15",1,0,15,3,"First, let's calculate the amount of water in the orange drink: - 10 liters of orange drink are two-thirds water, so the amount of water in the orange drink is \( \frac{2}{3} \times 10 = 6 \) liters. Next, let's calculate the amount of water in the pineapple drink: - 15 liters of pineapple drink are three-fifths water, so the amount of water in the pineapple drink is \( \frac{3}{5} \times 15 = 9 \) liters. Now, let's add the water from both drinks: - Total water from orange drink: 6 liters - Total water from pineapple drink: 9 liters - Total water in the mixture before spilling: \( 6 + 9 = 15 \) liters However, you spill one liter of the orange drink, which contains no water. Therefore, the amount of water in the remaining 24 liters remains the same as the amount of water in the original mixture, which is 15 liters. So, the amount of water in the remaining 24 liters is 15 liters. #### 15 liters","First, let's calculate the amount of water in the orange drink: - 10 liters of orange drink are two-thirds water, so the amount of water in the orange drink is: \[ \frac{2}{3} \times 10 = \frac{20}{3} \text{ liters} \] Next, let's calculate the amount of water in the pineapple drink: - 15 liters of pineapple drink are three-fifths water, so the amount of water in the pineapple drink is: \[ \frac{3}{5} \times 15 = 9 \text{ liters} \] Now, let's add the amounts of water from both drinks: \[ \frac{20}{3} + 9 = \frac{20}{3} + \frac{27}{3} = \frac{47}{3} \text{ liters} \] Since one liter of the orange drink was spilled, the total amount of water in the remaining 24 liters is: \[ \boxed{\frac{47}{3} \text{ liters}} \]"
flexible-extract,23,v2_only,"The candle burns for 5 - 1 = <<5-1=4>>4 hours. Thus, the candle will be 2 * 4 = <<2*4=8>>8 centimeters shorter. #### 8",1,0,8,00,"To determine how many centimeters shorter the candle will be after burning from 1:00 PM to 5:00 PM, we need to calculate the total number of hours the candle is burning and then multiply that by the rate at which it melts. 1. Calculate the total number of hours the candle is burning: - From 1:00 PM to 5:00 PM is 4 hours. 2. Calculate the total amount of candle melted: - The candle melts by 2 centimeters every hour. - Therefore, in 4 hours, the candle will melt by \( 4 \times 2 = 8 \) centimeters. So, the candle will be 8 centimeters shorter after burning from 1:00 PM to 5:00 PM. #### 8","To determine how many centimeters shorter the candle will be after burning from 1:00 PM to 5:00 PM, we need to calculate the total number of hours the candle is burning and then multiply that by the rate at which it melts. 1. Calculate the total number of hours the candle is burning: - From 1:00 PM to 5:00 PM is 4 hours. 2. Calculate the total amount of time the candle melts: - The candle melts by 2 centimeters every hour. - Therefore, in 4 hours, the candle will melt by \(4 \times 2 = 8\) centimeters. So, the candle will be 8 centimeters shorter after burning from 1:00 PM to 5:00 PM."
flexible-extract,26,v2_only,3 * (16.50 + 22.50 + 42) = $<<3*(16.50+22.50+42)=243>>243 Mishka spent $243 on clothing. #### 243,1,0,243,243.00,"To find the total amount Mishka spent on all the clothing items, we need to calculate the cost of each type of clothing and then sum them up. 1. **Cost of shorts:** - Mishka bought 3 pairs of shorts. - One pair of shorts costs $16.50. - Total cost for shorts: \( 3 \times 16.50 = $49.50 \) 2. **Cost of pants:** - Mishka bought 3 pairs of pants. - One pair of pants costs $22.50. - Total cost for pants: \( 3 \times 22.50 = $67.50 \) 3. **Cost of shoes:** - Mishka bought 3 pairs of shoes. - One pair of shoes costs $42. - Total cost for shoes: \( 3 \times 42 = $126 \) Now, we sum up all the costs: $49.50 + $67.50 + $126 = $243 #### 243","To find the total amount Mishka spent on all the clothing items, we need to calculate the cost of each type of clothing and then sum them up. 1. **Cost of shorts:** - Mishka bought 3 pairs of shorts. - Each pair of shorts costs $16.50. - Total cost for shorts: \( 3 \times 16.50 = $49.50 \) 2. **Cost of pants:** - Mishka bought 3 pairs of pants. - Each pair of pants costs $22.50. - Total cost for pants: \( 3 \times 22.50 = $67.50 \) 3. **Cost of shoes:** - Mishka bought 3 pairs of shoes. - Each pair of shoes costs $42. - Total cost for shoes: \( 3 \times 42 = $126 \) Now, we sum up all the costs: \[ 49.50 + 67.50 + 126 = **243.00** \]"
flexible-extract,36,v2_only,He eats 2 yogurts a day so over 30 days he will need 2*30 = <<2*30=60>>60 yogurts The yogurt is sold as 4 units for $5.00 and he needs 60 yogurts so that’s 60/4 = <<60/4=15>>15 4-packs Each 4-pack is $5.00 and he needs 15 4-packs so he will spend $5*15 = $<<5*15=75.00>>75.00 on yogurt #### 75,1,0,75,75.00,"To determine how much Terry spends on yogurt over 30 days, we need to follow these steps: 1. Calculate the cost per yogurt: - There are 4 yogurts for $5.00. - Therefore, the cost per yogurt is \( \frac{5.00}{4} = 1.25 \) dollars. 2. Calculate the daily cost of yogurt: - Terry eats 2 yogurts a day. - The cost per yogurt is $1.25. - Therefore, the daily cost is \( 2 \times 1.25 = 2.50 \) dollars. 3. Calculate the total cost over 30 days: - The daily cost is $2.50. - Over 30 days, the total cost is \( 2.50 \times 30 = 75.00 \) dollars. So, Terry spends $75.00 on yogurt over 30 days. #### 75","To determine how much Terry spends on yogurt over 30 days, we need to follow these steps: 1. Calculate the cost per yogurt: - Terry eats 2 yogurts a day. - The sale is 4 yogurts for $5.00. - Therefore, the cost per yogurt is \( \frac{5.00}{4} = 1.25 \) dollars. 2. Calculate the daily cost: - Terry eats 2 yogurts a day. - The cost per yogurt is $1.25. - Therefore, the daily cost is \( 2 \times 1.25 = 2.50 \) dollars. 3. Calculate the total cost over 30 days: - The daily cost is $2.50. - Over 30 days, the total cost is \( 2.50 \times 30 = 75.00 \) dollars. So, Terry spends $75.00 on yogurt over 30 days. #### 75.00 #### 75.00"
flexible-extract,37,v2_only,He spent $160 on video games because 8 x 20 = <<8*20=160>>160 He earned $165 from his sale because 160 + 5 = <<160+5=165>>165 He sold 11 lego sets because 11 x 15 = <<11*15=165>>165 He has 2 sets left because 13 - 11 = <<13-11=2>>2 #### 2,1,0,2,0,"First, calculate the total amount of money John makes from selling his lego sets: \[ 13 \text{ lego sets} \times \$15/\text{lego set} = \$195 \] Next, determine how much money John spends on the video games: \[ 8 \text{ video games} \times \$20/\text{video game} = \$160 \] Then, add the money he has left after buying the video games to find the total amount of money he spent: \[ \$160 + \$5 = \$165 \] Now, subtract the total amount spent from the money he made from selling his lego sets to find out how much money he has left: \[ \$195 - \$165 = \$30 \] Since each lego set sells for $15, calculate the number of lego sets he still has by dividing the remaining money by the price per lego set: \[ \frac{\$30}{\$15/\text{lego set}} = 2 \] Therefore, John still has \( 2 \) lego sets.","First, calculate the total amount of money John makes from selling his lego sets: \[ 13 \text{ lego sets} \times \$15/\text{lego set} = \$195 \] Next, calculate the total amount of money John spends on video games: \[ 8 \text{ video games} \times \$20/\text{video game} = \$160 \] Then, determine the amount of money John has left after buying the video games: \[ \$195 - \$160 = \$35 \] John has $5 left after buying the video games, so he spent: \[ \$35 - \$5 = \$30 \] Since he spent $30 on video games, the remaining $30 must have been spent on other items. However, we need to find out how many lego sets he still has. Since he has sold all his lego sets and has $5 left, he does not have any lego sets left. Therefore, the number of lego sets John still has is: \[ \boxed{0 \text{ lego sets}} \]"
flexible-extract,38,v2_only,"He has 7-1=<<7-1=6>>6 possible running days. He runs half of those so he runs 6/2=<<6/2=3>>3 days. So for two days, he runs 3/2=<<3/2=1.5>>1.5 hours. So in total, he runs 3+1.5+1.5=<<3+1.5+1.5=6>>6 hours. So he runs 60/6=<<60/6=10>>10 mph. #### 10",1,0,10,3.33,"To determine John's running speed, we need to calculate the total distance he runs in a week and then divide that by the total time he spends running. First, let's calculate the total time John spends running in a week: - On the first day, he runs for 3 hours. - On the second day, he runs for half as much as the first day, which is 1.5 hours. - On the third day, he runs for half as much as the first day, which is 1.5 hours. Total time = 3 hours + 1.5 hours + 1.5 hours = 6 hours. Next, we know John runs 60 miles a week. Now, we can calculate his running speed by dividing the total distance by the total time: Speed = Total distance / Total time Speed = 60 miles / 6 hours Speed = 10 miles per hour Therefore, John runs at a speed of 10 miles per hour. #### 10","To determine John's running speed, we need to calculate the total distance he runs in a week and then divide that by the total time he spends running. First, let's calculate the total time John runs in a week: - On the first day, he runs for 3 hours. - On the second and third days, he runs for half as much as the first day, which is 3 hours / 2 = 1.5 hours each day. So, the total time he runs in a week is: 3 hours + 1.5 hours + 1.5 hours = 6 hours Next, we know John runs 60 miles a week. He runs 3 days a week, so the total distance he runs in a day is: 60 miles / 3 days = 20 miles per day Now, we can calculate his running speed by dividing the total distance he runs in a day by the total time he spends running in a day: 20 miles per day / 6 hours per day = 3.33 miles per hour Therefore, John's running speed is approximately: #### 3.33 miles per hour."
flexible-extract,44,v2_only,1 pound of beeswax and the wick make 10 candles and he wants to make 20 candles so he needs 20/10 = <<20/10=2>>2 pounds of beeswax 1 pound of beeswax costs $10.00 and he needs 2 pounds so his supplies will cost 10*2 = $<<10*2=20.00>>20.00 He wants to sell each candle for $2.00 each and he's selling 20 candles so that's 2*20 = $<<2*20=40.00>>40.00 If he makes $40.00 selling candles and his supplies cost $20.00 then his net profit is 40-20 = $<<40-20=20.00>>20.00 #### 20,1,0,20,0,"To determine Charlie's net profit, we need to follow these steps: 1. Calculate the total cost of supplies. 2. Calculate the total revenue from selling the candles. 3. Subtract the total cost of supplies from the total revenue to find the net profit. 1. **Total cost of supplies:** - One pound of beeswax and wicks costs $10.00. - Since Charlie makes 20 candles, he needs 2 pounds of beeswax (because 10 candles per pound = 2 pounds). - Therefore, the total cost of supplies is 2 pounds * $10.00 per pound = $20.00. 2. **Total revenue from selling the candles:** - Each candle is sold for $2.00. - Therefore, the total revenue is 20 candles * $2.00 per candle = $40.00. 3. **Net profit:** - Net profit = Total revenue - Total cost of supplies = $40.00 - $20.00 = **$20.00**. #### 20","To determine Charlie's net profit, we need to follow these steps: 1. Calculate the total cost of supplies. 2. Calculate the total revenue from selling the candles. 3. Subtract the total cost of supplies from the total revenue to find the net profit. First, let's calculate the total cost of supplies: - One pound of beeswax and wicks costs $10.00. - Charlie makes 20 candles, so he needs 20 pounds of beeswax (since 10 candles per pound). - Therefore, the total cost of supplies is $20 * $10.00 = $200.00. Next, let's calculate the total revenue from selling the candles: - Each candle is sold for $2.00. - Charlie sells 20 candles, so the total revenue is $20 * $2.00 = $40.00. Finally, we find the net profit by subtracting the total cost of supplies from the total revenue: - Net profit = $40.00 - $200 = $40.00. #### 0"
flexible-extract,60,i2_only,"20% of 25 oranges is (20/100)*25 = <<(20/100)*25=5>>5 oranges The total number of bad, unripe and sour oranges is therefore 1+5+2 = <<1+5+2=8>>8 oranges The rest which is 25-8 = <<25-8=17>>17 oranges are good #### 17",0,1,3,17.,"To find the number of good oranges, we first need to determine the number of unripe and sour oranges and then subtract these from the total number of oranges. 1. Calculate the number of unripe oranges: - 20% of the oranges are unripe. - Total oranges = 25 - Number of unripe oranges = 20% of 25 = 0.20 * 25 = 5 2. Calculate the number of sour oranges: - We are given that 2 oranges are sour. 3. Calculate the total number of oranges that are not good: - Total oranges = 25 - Unripe oranges = 5 - Sour oranges = 2 - Total oranges that are not good = 15 + 5 + 2 = 22 4. Calculate the number of good oranges: - Total oranges = 25 - Total oranges that are not good = 22 - Number of good oranges = 25 - 22 = 3 Therefore, the number of good oranges is 3. #### 3","To find the number of good oranges, we first need to determine the number of unripe and sour oranges and then subtract these from the total number of oranges. 1. Calculate the number of unripe oranges: - 20% of the oranges are unripe. - 20% of 25 oranges is \( 0.20 \times 25 = 5 \) unripe oranges. 2. Calculate the number of sour oranges: - We are given that there are 2 sour oranges. 3. Calculate the total number of oranges that are not good: - Bad oranges: 1 - Unripe oranges: 5 - Sour oranges: 2 - Total un that are not good: \( 1 + 5 + 2 = 8 \) 4. Calculate the number of good oranges: - Total oranges: 25 - Total oranges that are not good: 8 - Number of good oranges: \( 25 - 8 = 17 \) Therefore, the number of good oranges in the basket is 17. #### 17."
flexible-extract,70,i2_only,"She teaches 5 dance classes 5 days a week so that's 5*5 = <<5*5=25>>25 classes She teaches 25 classes during the week and 8 classes on Saturday for a total of 25+8 = <<25+8=33>>33 classes There are 15 students in each of the 33 classes so there are 15*33 = <<15*33=495>>495 students Each student pays $15.00 per class and there are 495 students so Judy makes 15*495 = $<<15*495=7425>>7,425 #### 7425",0,1,4950,7425,"Judy teaches 5 dance classes every weekday, so she teaches a total of 5 classes/day * 5 days/week = 25 classes/week on weekdays. She also teaches 8 classes on Saturday. Each class has 15 students, so the total number of students she teaches is 25 classes/week + 8 classes/week = 33 classes/week. Judy charges $15.00 per student, so the total amount of money she makes in a week is 33 classes/week * $150/student/class = $4950/week. #### 4950","Judy teaches 5 dance classes every weekday, so she teaches a total of 5 classes/day * 5 days/week = 25 classes/week on weekdays. She also teaches 8 classes on Saturday, so she teaches a total of 25 classes + 8 classes = 33 classes/week. Each class has 15 students, so she teaches a total of 33 classes * 15 students/class = 495 students/week. Judy charges $15.00 per student, so she makes 495 students * $15.00/student = $7425.00/week. #### 7425"
flexible-extract,73,i2_only,"A $150 x 2/100 = $<<150*2/100=3>>3 interest will be charged for each unit. So, each cell phone costs $150 + $3 = $<<150+3=153>>153. The total amount to be paid for 5 cell phones is $153 x 5 = $<<153*5=765>>765. Thus, Shiela will pay $765/3 = $<<765/3=255>>255 each month. #### 255",0,1,755,255,"Shiela bought five cell phones for $150 each, so the total cost for the cell phones is: \[ 5 \times 150 = 750 \] The interest rate is 2% per month. To find the monthly payment, we first calculate the total interest for the 3-month period and then divide it by 3. The total interest for 3 months is: \[ 750 \times 0.02 = 15 \] Since the interest is charged over 3 months, the monthly interest is: \[ \frac{15}{3} = 5 \] Therefore, Shiela will pay $5 each month for the interest. The total monthly payment is the sum of the monthly payment for the cell phones and the monthly interest: \[ 750 + 5 = 755 \] So, Shiela will pay $755 each month for 3 months. #### 755","Shiela bought five cell phones for $150 each, so the total cost for the cell phones is: \[ 5 \times 150 = 750 \] The interest rate for each cell phone is 2%, so the interest for each cell phone is: \[ 150 \times 0.02 = 3 \] Therefore, the total interest for each cell phone is: \[ 5 \times 3 = 3 \] The total amount to be paid for each cell phone, including interest, is: \[ 150 + 3 = 153 \] Since there are five cell phones, the total amount to be paid is: \[ 5 \times 153 = 765 \] Shiela will pay this total amount over 3 months, so the monthly payment is: \[ \frac{765}{3} = 255 \] Therefore, Shiela will pay $255 each month for 3 months. So, the final answer is: \[ \boxed{255} \]"
flexible-extract,74,i2_only,"Artie will round his marigolds up from $2.74 to $3, since the number following the 2 is 5 or higher. Artie will round his petunias up from $1.87 to $2, since the number following the 1 is 5 or higher. Artie will round his begonias down from $2.12 to $2, since the number following the 2 is less than 5. Artie sells 12 marigolds x $3 = $<<12*3=36>>36 Artie sells 9 petunias x $2 = $<<9*2=18>>18 Artie sells 17 begonias x $2 = $<<17*2=34>>34 Altogether, Artie will make $36 + $18 + $34 = $<<36+18+34=88>>88 #### 88",0,1,$85.75.,88,"To determine how much Artie will make, we need to calculate the total revenue from each type of flower and then sum these amounts. 1. **Marigolds:** - Price per pot: $2.74 - Number of pots sold: 12 - Revenue from marigolds: $2.74 * 12 = $32.88 2. **Petunias:** - Price per pot: $1.87 - Number of pots sold: 9 - Revenue from petunias: $1.87 * 9 = $16.83 3. **Begonia:** - Price per pot: $2.12 - Number of pots sold: 17 - Revenue from begonias: $2.12 * 17 = $36.04 Now, we sum the revenues from all the flowers: - Total revenue = $32.88 + $16.83 + $36.04 = $85.75 Artie will make $85.75.","To determine how much Artie will make, we need to calculate the total revenue from each type of flower and then sum these amounts. 1. **Marigolds:** - Price per pot: $2.74 (rounded to $3) - Number of pots sold: $2.74 (rounded to $3) - Total revenue: $3 * 12 = $36 2. **Petunias:** - Price per pot: $1.87 (rounded to $2) - Number of pots sold: $2 * 9 = $18 3. **Begonia:** - Price per pot: $2.12 (rounded to $2) - Number of pots sold: $2 * 17 = $34 Now, we sum up the revenues from all three types of flowers: - Total revenue = $36 (marigolds) + $18 (petunias) + $34 (begonias) = $88 Therefore, Artie will make $88 from selling the given quantities of flowers. #### 88"
flexible-extract,88,i2_only,"Let m be the number of copies Marilyn sold and h be the number Harald sold. We know that m + h = 80,000 and m = 10h. Substituting the second equation into the first, we get 10h + h = 88,000 Combining like terms, we get 11h = 88,000 Dividing both sides by 11, we get h = 8,000 #### 8000",0,1,"8,091","8,000","To determine how many copies Harald sold, we can set up an equation based on the information given. Let \( H \) represent the number of copies Harald sold. According to the problem, Marilyn's record sold 10 times as many copies as Harald's, so the number of copies sold by Marilyn is \( 10H \). The total number of copies sold by both Marilyn and Harald is 88,000. Therefore, we can write the equation: \[ H + 10H = 88,000 \] Combining like terms, we get: \[ 11H = 88,000 \] To find \( H \), we divide both sides of the equation by 11: \[ H = \frac{88,000}{11} \] Performing the division: \[ H = 8,090.91 \] Since the number of copies sold must be a whole number, we round to the nearest whole number. Therefore, Harald sold 8,091 copies. #### 8,091","To determine how many copies Harald sold, we can set up an equation based on the information given. Let \( H \) represent the number of copies Harald sold. According to the problem, Marilyn's record sold 10 times as many copies as Harald's, so we can express the number of copies sold by Marilyn as \( 10H \). The total number of copies sold by both Marilyn and Harald is given as 88,000. Therefore, we can write the equation: \[ H + 10H = 88,000 \] Combining the terms on the left side, we get: \[ 11H = 88,000 \] To find \( H \), we need to solve for \( H \) by dividing both sides of the equation by 11: \[ H = \frac{88,000}{11} \] Performing the division, we get: \[ H = 8,000 \] So, Harald sold 8,000 copies of his record. #### 8,000"
flexible-extract,94,i2_only,"If there are two cats for every dog, and the number of dogs is 60, the number of cats is 2*60 = <<2*60=120>>120 The combined number of cats and dogs is 120+60 = <<120+60=180>>180 The number of rabbits pets is twelve less than the combined number of pet dogs and cats, a total of 180-12 = 168 The total number of pets in the compound is 168+180 = <<168+180=348>>348 #### 348",0,1,248,348,"To find the total number of pets in the neighborhood, we need to determine the number of dogs, cats, and rabbits. 1. **Number of dogs:** Given that the number of dogs is 60. 2. **Number of cats:** The number of cats is two times the number of dogs. \[ \text{Number of cats} = 2 \times 60 = 120 \] 3. **Number of rabbits:** The number of rabbits is twelve less than the combined number of dogs and cats. \[ \text{Combined number of dogs and cats} = 60 + 120 = 180 \] \[ \text{Number of rabbits} = 180 - 12 = 68 \] 4. **Total number of pets:** Add the number of dogs, cats, and rabbits. \[ \text{Total number of pets} = 60 + 120 + 68 = 248 \] #### 248 pets","To find the total number of pets in the neighborhood, we need to determine the number of dogs, cats, and rabbits. 1. **Number of dogs:** Given that there are 60 dogs. 2. **Number of cats:** The number of cats is twice the number of dogs. \[ \text{Number of cats} = 2 \times 60 = 120 \] 3. **Combined number of dogs and cats:** \[ \text{Combined number of dogs and cats} = 60 + 120 = 180 \] 4. **Number of rabbits:** The number of rabbits is twelve less than the combined number of dogs and cats. \[ \text{Number of rabbits} = 180 - 12 = 168 \] 5. **Total number of pets:** \[ \text{Total number of pets} = 60 + 120 + 168 = 348 \] \boxed{348 pets}"
flexible-extract,98,i2_only,"The cars that exited do not need to be included so there were 30 original cars – 5 cars that exited = <<30-5=25>>25 cars that drove through the traffic jam. Most of the cars exited in the final 15 minutes so in the first 15 minutes, there must have been 25 total cars – 20 cars that drove through in the final 15 minutes = 5 cars that drove through the traffic jam. #### 5",0,1,15,5,"Let's denote the number of cars that drove through the traffic jam in the first 15 minutes as \( x \). Initially, there were 30 cars on the motorway. After the first 15 minutes, \( x \) cars drove through, so the number of cars remaining on the motorway is \( 30 - x \). In the next 15 minutes, 20 more cars drove through, so the number of cars on the motorway becomes \( (30 - x) + 20 = 50 - x \). However, 5 cars took an exit, so the number of cars remaining on the motorway is \( (50 - x) - 5 = 45 - x \). We are given that there were originally 30 cars on the motorway, so we can set up the equation: \[ 45 - x = 30 \] Solving for \( x \): \[ x = 45 - 30 \] \[ x = 15 \] Therefore, 15 cars drove through the traffic jam in the first 15 minutes. #### 15","Let's denote the number of cars that drove through the traffic jam in the first 15 minutes as \( x \). Initially, there were 30 cars on the motorway. After 5 cars take an exit, the number of cars remaining on the motorway is: \[ 30 - 5 = 25 \] After the first 15 minutes, \( x \) cars drive through, and then 20 more cars drive through in the remaining 15 minutes. Therefore, the total number of cars that drove through the traffic jam is: \[ x + 20 \] Since the number of cars that drove through the traffic jam is equal to the number of cars remaining on the motorway after the exit, we can set up the following equation: \[ x + 20 = 25 \] Solving for \( x \): \[ x + 20 = 25 \] \[ x = 25 - 20 \] \[ x = 5 \] So, the number of cars that drove through the traffic jam in the first 15 minutes is 5. #### 5"
flexible-extract,107,v2_only,"Let W be the number of episodes he watched on Wednesday. After Monday, he had 7 - 1 = <<7-1=6>>6 hours of TV left. After Tuesday, he had 6 - 1 = <<6-1=5>>5 hours of TV left. After Thursday, he had 5 - 1 - 1/2 = 3 1/2 hours of TV left. After Friday, he had 3 1/2 - 2 = 1 1/2 hours of TV left. Each 30-minute episode is 1/2 hour. Thus, W = 1 1/2 / 1/2 = 3 episodes. #### 3",1,0,3,1,"First, let's calculate the total number of hours Frankie watched TV from Monday to Tuesday: - Monday: 1 hour - Tuesday: 1 hour - Thursday: 1 hour and 30 minutes (which is 1.5 hours) - Friday: 2 hours Total hours from Monday to Tuesday = 1 + 1 + 1.5 + 2 = 5.5 hours Next, we know Frankie watched a total of 7 hours of TV for the week. Therefore, the number of hours he watched on Wednesday is: Total hours = 7 hours Hours from Monday to Tuesday = 5.5 hours Hours on Wednesday = 7 - 5.5 = 1.5 hours Since each episode is 30 minutes long, we need to convert the hours he watched on Wednesday into minutes: 1.5 hours = 1.5 * 60 = 90 minutes Now, we divide the total minutes by the length of each episode to find the number of episodes: 90 minutes / 30 minutes per episode = 3 episodes So Frankie watched 3 episodes on Wednesday.","First, let's calculate the total number of hours Frankie watched TV from Monday to Tuesday: - Monday: 1 hour - Tuesday: 1 hour - Tuesday: 1 hour Total from Monday to Tuesday: 1 + 1 + 1 = 3 hours Next, let's calculate the total number of hours Frankie watched TV from Thursday to Friday: - Thursday: 1 hour and 30 minutes (1.5 hours) - Friday: 2 hours Total from Thursday to Friday: 1.5 + 2 = 3.5 hours Now, let's find out how many hours Frankie watched on Wednesday: Total hours watched: 7 hours Total hours from Monday to Friday: 3 hours Total hours from Thursday to Friday: 3.5 hours Hours watched on Wednesday: 7 - 3 - 3.5 = 0.5 hours Since each episode is 30 minutes long, we need to convert 0.5 hours into episodes: 0.5 hours = 30 minutes Therefore, Frankie watched 1 episode on Wednesday, not more. #### 1"
flexible-extract,111,i2_only,"It took Julia 64 seconds to reach shore, so it took 64 / 16 = <<64/16=4>>4 times rowing 20 feet to reach the shore. Thus, she had to row 20 * 4 = <<20*4=80>>80 feet back to shore. In those 80 feet, she took on 2 liters of water 80 / 10 = <<80/10=8>>8 times. Thus, the boat had taken on 8 * 2 = <<8*2=16>>16 liters of water by the time Julia reached the shore. #### 16",0,1,24,16,"First, we need to determine how far Julia rowed in 64 seconds. Since it took her 16 seconds to row 20 feet, we can set up a proportion to find the distance she rowed in 64 seconds: \[ \frac{64 \text{ seconds}}{16 \text{ seconds}} = \frac{x \text{ feet}}{20 \text{ feet}} \] Solving for \( x \): \[ x = \frac{64 \times 20}{16} = 120 \text{ feet} \] Next, we need to determine how much water the boat took on. The boat takes on 2 liters of water for every 10 feet rowed. Therefore, we divide the total distance rowed by 10: \[ \frac{120 \text{ feet}}{10} = 12 \text{ segments} \] Each segment corresponds to 2 liters of water: \[ 12 \text{ segments} \times 2 \text{ liters} = 24 \text{ liters} \] #### 24","First, we need to determine how far Julia rowed in 64 seconds. Since it took her 16 seconds to row 20 feet, we can calculate the distance she rowed in 64 seconds as follows: \[ \text{Distance} = \frac{64 \text{ seconds}}{16 \text{ seconds}} \times 20 \text{ feet} = 4 \times 20 \text{ feet} = 80 \text{ feet} \] Next, we know that the boat takes on 2 liters of water for every 10 feet rowed. To find out how much water the boat took on, we divide the total distance rowed by 10 and then multiply by amount of water taken per 10 feet: \[ \text{Water taken} = \frac{80 \text{ feet}}{10 \text{ feet}} \times 2 \text{ liters/foot} = 8 \times 2 \text{ liters} = 16 \text{ liters} \] Therefore, the boat had taken on **16 liters** of water by the time Julia reached shore."
flexible-extract,113,v2_only,"Ryan plants 2*15=<<2*15=30>>30 flowers in total. Given 5 plants did not grow, he has 30-5=<<30-5=25>>25 flowers in his garden. #### 25",1,0,25,255,"First, calculate the total number of flowers Ryan plants in 15 days: \[ \text{flowers/day} \times 15 \text{ days} = 30 \text{ flowers} \] Next, subtract the number of flowers that did not grow: \[ \text{flowers} - 5 \text{ flowers} = 25 \text{ flowers} \] So, Ryan has 25 flowers. #### 25","First, calculate the total number of flowers Ryan plants in 15 days: \[ \text{flowers/day} \times 15 \text{ days} = 30 \text{ flowers} \] Next, subtract the number of flowers that did not grow: \[ \text{flowers} - 5 \text{ flowers} = 25 \text{ flowers} \] So, Ryan has 25 flowers. 255"
flexible-extract,116,i2_only,"The total ratio representing the ingredients she used to make the coffee is 7+13 = <<7+13=20>>20 Since the fraction representing the number of teaspoons she used is 7/20, she used 7/20*120 = <<7/20*120=42>>42 #### 42",0,1,910,42,"To determine the number of teaspoonfuls of sugar Katy used, we need to use the given ratio of teaspoons of sugar to cups of water, which is 7:13. First, let's find the total number of parts in the ratio: \[ 7 + 13 = 20 \] Next, we know that the total number of teaspoons of sugar and cups of water combined is 120. Since the ratio is 7:13, we can set up the following proportion to find the number of parts in the ratio: \[ \frac{7}{13} = \frac{120}{x} \] Solving for \( x \): \[ x = \frac{120}{7} \times 13 = 10 \times 13 = 130 \] So, each part of the ratio represents 130 units. Since the ratio of teaspoons of sugar is 7 parts, we calculate: \[ 7 \times 130 = 910 \] Therefore, the number of teaspoonfuls of sugar Katy used is: #### 910 teaspoons","To determine the number of teaspoonfuls of sugar Katy used, we need to use the given ratio of teaspoons of sugar to cups of water, which is 7:13. First, let's find the total number of parts in the ratio: \[ 7 + 13 = 20 \] Next, we know that the total number of teaspoons of sugar and cups of water combined is 120. Since the ratio is not specify the number of cups of water, we assume that the total number of teaspoons of sugar and cups of water is the same. Therefore, we can calculate the number of teaspoons of sugar by dividing the total number of teaspoons by the total number of parts: \[ \text{Number of teaspoons of sugar} = \frac{120}{20} = 6 \] Since each part of the ratio represents 7 teaspoons of sugar, we multiply the number of teaspoons of sugar by 7 to find the total number of teaspoons of sugar: \[ \text{Total teaspoons of sugar} = 6 \times 7 = 42 \] Therefore, Katy used 42 teaspoonsfuls of sugar. #### 42"
flexible-extract,122,i2_only,"If on Monday she slept 8 hours, then she slept 8-2 = <<8-2=6>>6 hours on each of the next two days. The total number of hours slept for the two days will be 6*2 = <<6*2=12>>12 hours. If she slept 1 hour more for the rest of the week each day, then each day she slept 6+1 = <<6+1=7>>7 hours. The total for the rest of the week will be 4*7 = <<4*7=28>>28 hours. The total number of hours slept for the whole week will be 8+12+28 = <<8+12+28=48>>48 hours. #### 48",0,1,47,48,"To determine the total number of hours Sadie slept throughout the week, we need to break down her sleep for each day and then sum them up. 1. **Monday**: Sadie slept 8 hours. 2. **Tuesday and Wednesday**: She slept 2 hours less each day than Monday. - Tuesday: \(8 - 2 = 6\) hours - Wednesday: \(8 - 2 = 6\) hours 3. **Thursday, Friday, Saturday, and Sunday**: She slept 1 hour more each day than Tuesday and Wednesday. - Thursday: \(6 + 1 = 7\) hours - Friday: \(6 + 1 = 7\) hours - Saturday: \(6 + 1 = 7\) hours - Sunday: \(6 + 1 = 7\) hours Now, we sum up the hours slept each day: \[ 8 + 6 + 6 + 7 + 7 + 7 + 7 = 47 \] So, Sadie slept a total of 47 hours throughout the week. #### 47 hours \boxed{47}","To determine the total number of hours Sadie slept throughout the week, we need to break down her sleep for each day and then sum them up. 1. **Monday:** - Sadie slept 8 hours. 2. **Tuesday and Wednesday:** - Sadie slept 2 hours less each day compared to Monday. - Therefore, she slept \(8 - 2 = 6\) hours each day. - For, for Tuesday and Wednesday, she slept \(6 + 6 = 12\) hours. 3. **Thursday, Friday, Saturday, and Sunday:** - Sadie slept 1 hour more each day compared to Tuesday and Wednesday. - Therefore, she slept \(6 + 1 = 7\) hours each day. - For these four days, she slept \(7 \times 4 = 28\) hours. Now, we sum up the total sleep for each day: \[ 8 + 12 + 28 = 48 \] So, the total number of hours Sadie slept throughout the week is 48 hours. **Answer: 48 hours**"
flexible-extract,129,i2_only,The hospital sees patients for 500*24=<<500*24=12000>>12000 minutes a day That means they see patients for 12000/60=<<12000/60=200>>200 hours a day They profit 200-150=$<<200-150=50>>50 per hour So they make a profit of 200 hours * $50/hour = $<<200*50=10000>>10000 a day from patient visits #### 10000,0,1,"$38,800.","$10,000","First, calculate the total revenue from the patients: - Each patient is seen for 24 minutes, which is 24/60 = 0.4 hours. - The hospital charges $200 per hour, so the revenue per patient is $200 * 0.4 = $80. - The hospital sees 500 patients a day, so the total revenue is $80/patient * 500 patients = $40,000. Next, calculate the total cost for the doctors: - Each doctor sees 500 patients a day, so each doctor sees 500 patients / 60 minutes per hour = 8 hours per day. - Each doctor charges $150 per hour, so the total cost for one doctor is $150/hour * 8 hours = $1200. Finally, calculate the profit by subtracting the total cost from the total revenue: - Profit = Total Revenue - Total Cost - Profit = $40,000 - $1200 = $38,800 The hospital makes $38,800.","First, calculate the total revenue from the patients: - Each patient is seen for 24 minutes, which is 24/60 = 0.4 hours. - The hospital charges $200 per hour, so each patient pays $200 * 0.4 = $80. - The hospital sees 500 patients a day, so the total revenue from patients is 500 * $80 = $40,000. Next, calculate the total cost for the doctors: - Each doctor charges $150 per hour, so each doctor charges $150 * 0.4 = $60 per patient. - The hospital sees 500 patients a day, so the total cost for the doctors is 500 * $60 = $30,000. Finally, calculate the profit by subtracting the total cost from the total revenue: - Profit = Total Revenue - Total Cost = $40,000 - $30,000 = $10,000. The hospital makes $10,000 profit from these visits."
flexible-extract,133,v2_only,Walt’s Tuesday walk was 4*6 = <<4*6=24>>24 miles. Walt’s Monday and Tuesday walk were 4+24 = <<4+24=28>>28 miles combined. Walt’s Wednesday walk was 41-28 = <<41-28=13>>13 miles. #### 13,1,0,13,3,"To determine how many miles Walt walked on Wednesday, we need to follow these steps: 1. Calculate the distance Walt walked on Tuesday. 2. Determine the total distance Walt walked on Monday and Tuesday. 3. Subtract the total distance for Monday and Tuesday from the total distance for all three days to find the distance for Wednesday. First, let's calculate the distance Walt walked on Tuesday: - Walt walked 4 miles on Monday. - On Tuesday, he walked 6 times as many miles as he walked on Monday. - Therefore, he walked \(6 \times 4 = 24\) miles on Tuesday. Next, let's determine the total distance Walt walked on Monday and Tuesday: - Monday: 4 miles - Tuesday: 24 miles - Total for Monday and Tuesday: \(4 + 24 = 28\) miles Finally, we subtract the total distance for Monday and Tuesday from the total distance for all three days: - Total distance for all three days: 41 miles - Distance walked on Wednesday: \(41 - 28 = 13\) miles Therefore, Walt walked 13 miles on Wednesday.","To determine how many miles Walt walked on Wednesday, we need to follow these steps: 1. Calculate the distance Walt walked on Tuesday. 2. Subtract the total mileage from Monday and Tuesday from the total mileage for all three days to find the distance he walked on Wednesday. First, let's calculate the distance Walt walked on Tuesday: - On Monday, Walt walked 4 miles. - On Tuesday, he walked 6 times as many miles as he walked on Monday. - Therefore, on Tuesday, he walked \( 6 \times 4 = 24 \) miles. Next, we find the total mileage for Monday and Tuesday: - On Monday, he walked 4 miles. - On Tuesday, he walked 24 miles. - Total mileage for Monday and Tuesday: \( 4 + 24 = 28 \) miles. Now, we subtract the total mileage for Monday and Tuesday from the total mileage for all three days: - Total mileage for all three days: 41 miles. - Distance walked on Wednesday: \( 41 - 28 =13 \) miles. Therefore, Walt walked 3 miles on Wednesday."
flexible-extract,135,i2_only,"If Brian previously had 20 video games but lost 5, that means he now has 20-5=<<20-5=15>>15 video games Brian has 15 video games, so if Bobby has 5 fewer than 3 times as many as Brian does we must first perform 15*3=45 We then subtract 5 from the previous total for 45-5=40 games in total. #### 40",0,1,35,40,"Brian has 20 video games but lost 5, so he currently has 20 - 5 = 15 video games. Bobby has 5 fewer than 3 times as many video games as Brian, so Bobby has 3 * 15 - 5 = 35 video games. #### 35","Brian has 20 video games but lost 5, so he currently has 20 - 5 = 15 video games. Bobby has 5 fewer than 3 times as many video games as Brian, so we need to calculate 3 times Brian's video games and then subtract 5. 3 times Brian's video games is 3 * 15 = 45. Therefore, Bobby has 45 - 5 = 40 video games. #### 40"
flexible-extract,147,i2_only,"Debra first sees 30 bees leave the hive, then sees 1/2 that many return, 30 x 1/2 = <<30*1/2=15>>15 bees that return and 15 bees that are still away from the hive. Debra sees twice as many bees as first left the hive--which was 30--fly from the hive in the next 6 hours, 30 x 2 = <<30*2=60>>60 bees that leave the hive. In total, 30 + 60 = <<30+60=90>>90 bees left the hive. There were 90 bees total that left the hive - 15 bees that already returned = <<90-15=75>>75 bees that return to the hive in the last 6 hours of the day. #### 75",0,1,6,75,"First, calculate the number of bees that left the hive in the first 6 hours: \[ \text{Bees left in the first 6 hours} = 30 \] Next, calculate the number of bees that returned in the next 6 hours: \[ \text{Bees returned in the next 6 hours} = \frac{1}{2} \times 30 = 15 \] Then, calculate the number of bees that left the hive in the next 6 hours: \[ \text{Bees left in the next 6 hours} = 2 \times 30 = 60 \] Finally, calculate the number of bees that returned to the hive in the last 6 hours: \[ \text{Bees returned in the last 6 hours} = \text{Bees left in the first 6 hours} + \text{Bees left in the next 6 hours} \] \[ \text{Bees returned in the last 6 hours} = 30 + 60 = 90 \] So, Debra saw \( 90 \) bees return to the hive in the last 6 hours of the day.","First, calculate the number of bees that left the hive in the first 6 hours: \[ \text{Bees left in the first 6 hours} = 30 \] Next, calculate the number of bees that returned in the next 6 hours: \[ \text{Bees returning in the next 6 hours} = \frac{1}{2} \times 30 = 15 \] Then, calculate the number of bees that flew out of the hive in the next 6 hours: \[ \text{Bees flying out in the next 6 hours} = 2 \times 30 = 60 \] Finally, calculate the total number of bees that returned to the hive in the last 6 hours: \[ \text{Total bees returning} = \text{Bees returning in the next 6 hours} + \text{Bees returning in the last 6 hours} \] \[ \text{Total bees returning} = 15 + 60 = 75 \] So, Debra saw 75 bees return to the hive in the last 6 hours of the day. \(\boxed{75}"
strict-match,1,i2_only,It takes 2/2=<<2/2=1>>1 bolt of white fiber So the total amount of fabric is 2+1=<<2+1=3>>3 bolts of fabric #### 3,0,1,[invalid],3,"The robe takes 2 bolts of blue fiber and half that much white fiber. First, let's calculate the amount of white fiber: - Since the white fiber is half as much as the blue fiber, we have: - White fiber = (1/2) * 2 bolts = 1 bolt Now, let's find the total number of bolts: - Total bolts = Blue fiber + White fiber - Total bolts = 2 bolts + 1 bolt = 3 bolts Therefore, the robe takes a total of 3 bolts. 3","The robe takes 2 bolts of blue fiber and half that much white fiber. First, let's calculate the amount of white fiber: - Half of 2 bolts is \( \frac{2}{2} = 1 \) bolt. Now, let's add the amount of blue fiber and white fiber: - Blue fiber: 2 bolts - White fiber: 1 bolt Total amount of fiber: - Total = 2 bolts + 1 bolt = 3 bolts Therefore, the robe takes a total of 3 bolts of fiber. #### 3"
strict-match,3,i2_only,He sprints 3*3=<<3*3=9>>9 times So he runs 9*60=<<9*60=540>>540 meters #### 540,0,1,[invalid],540,"To determine the total distance James runs in a week, we need to break down the problem into smaller steps: 1. Calculate the distance James runs in one sprint. 2. Calculate the distance James runs in one day. 3. Calculate the distance James runs in one week. First, let's find the distance James runs in one sprint: - James runs 60 meters each sprint. Next, let's calculate the distance James runs in one day: - James runs 3 sprints each day. - Each sprint is 60 meters. - Therefore, the daily distance is \( 3 \times 60 = 180 \) meters. Now, let's calculate the distance James runs in one week: - James runs 3 times a week. - Each day he runs 180 meters. - Therefore, the weekly distance is \( 3 \times 180 = 540 \) meters. So, James runs a total of 540 meters in a week.","To determine the total distance James runs in a week, we need to break down the problem into smaller steps: 1. Calculate the distance James runs in one sprint. 2. Calculate the distance James runs in one day. 3. Calculate the distance James runs in one week. First, let's find the distance James runs in one sprint: - James runs 60 meters each sprint. Next, let's calculate the distance James runs in one day: - James runs 3 sprints each day. - Each sprint is 60 meters. - Therefore, the distance in one day is \( 3 \times 60 = 180 \) meters. Now, let's calculate the distance James runs in one week: - James runs 3 times a week. - Each day he runs 180 meters. - Therefore, the distance in one week is \( 3 \times 180 = 540 \) meters. So, James runs a total of 540 meters in a week. #### 540 The total distance James runs in a week is \(540\) meters."
strict-match,4,v2_only,"If each chicken eats 3 cups of feed per day, then for 20 chickens they would need 3*20=<<3*20=60>>60 cups of feed per day. If she feeds the flock 15 cups of feed in the morning, and 25 cups in the afternoon, then the final meal would require 60-15-25=<<60-15-25=20>>20 cups of chicken feed. #### 20",1,0,20,[invalid],"First, let's determine the total amount of feed Wendi needs to give to her chickens in a day. Each chicken gets 3 cups of feed per day, and she has 20 chickens: \[ 3 \text{ cups/chicken} \times 20 \text{ chickens} = 60 \text{ cups} \] Next, we know the amount of feed given in the morning and afternoon meals: - Morning: 15 cups - Afternoon: 25 cups Let's add these amounts together to find out how much feed has been given so far: \[ 15 \text{ cups} + 25 \text{ cups} = 40 \text{ cups} \] Now, we subtract the amount of feed given so far from the total amount needed to find out how much feed is left for the final meal: \[ 60 \text{ cups} - 40 \text{ cups} = 20 \text{ cups} \] Therefore, Wendi needs to give her chickens 20 cups of feed in the final meal of the day. #### 20 cups.","First, let's determine the total amount of feed Wendi needs to give to her chickens in a day. Each chicken gets 3 cups of feed per day, and she has 20 chickens: \[ 3 \text{ cups/chicken} \times 20 \text{ chickens} = 60 \text{ cups} \] Next, we know the amount of feed given in the morning and afternoon meals: - Morning: 15 cups - Afternoon: 25 cups Let's add these amounts together to find the total feed given so far: \[ 15 \text{ cups} + 25 \text{ cups} = 40 \text{ cups} \] Now, we subtract the total feed given so far from the total feed needed for the day to find out how much feed is left for the final meal: \[ 60 \text{ cups} - 40 \text{ cups} = 20 \text{ cups} \] Therefore, Wendi needs to give her chickens 20 cups of feed in the final meal of the day. #### \boxed{20}"
strict-match,5,v2_only,"The discount price of one glass is 60/100 * 5 = $<<60/100*5=3>>3. If every second glass is cheaper, that means Kylar is going to buy 16 / 2 = <<16/2=8>>8 cheaper glasses. So for the cheaper glasses, Kylar is going to pay 8 * 3 = $<<8*3=24>>24. And for the regular-priced glasses, Kylar will pay 8 * 5 = $<<8*5=40>>40. So in total Kylar needs to pay 24 + 40 = $<<24+40=64>>64 for the glasses he wants to buy. #### 64",1,0,64,[invalid],"To determine how much Kylar needs to pay for 16 glasses, we need to calculate the cost of the first 8 glasses at the regular price and the cost of the next 8 glasses at the discounted price. 1. **Cost of the first 8 glasses:** - Each regular glass costs $5. - Cost for 8 regular glasses: \( 8 \times 5 = 40 \) dollars. 2. **Cost of the next 8 glasses:** - Each discounted glass costs 60% of the regular price. - Discounted price per glass: \( 5 \times 0.60 = 3 \) dollars. - Cost for 8 discounted glasses: \( 8 \times 3 = 24 \) dollars. 3. **Total cost:** - Total cost = Cost of the first 8 glasses + Cost of the next 8 glasses - Total cost = \( 40 + 24 = 64 \) dollars. Therefore, Kylar needs to pay $64 = $<<64=64=64>>64. #### 64","To determine how much Kylar needs to pay for 16 glasses, we need to calculate the cost of the first 8 glasses at the regular price and the cost of the next 8 glasses at the discounted price. 1. The cost of the first 8 glasses at the full price: - Each glass costs $5. - Cost for 8 glasses = 8 * $5 = $40. 2. The cost of the next 8 glasses at the discounted price: - Each second glass costs 60% of the regular price. - 60% of $5 = 0.6 * $5 = $3. - Cost for 8 glasses at the discounted price = 8 * $3 = $24. 3. The total cost for 16 glasses: - Total cost = Cost of the first 8 glasses + Cost of the next 8 glasses - Total cost = $40 + $24 - Total cost = $64. #### Kylar needs to pay $64 for 16 glasses. \( \boxed{64} \)"
strict-match,6,v2_only,"If Seattle has 20 sheep, Charleston has 4 * 20 sheep = <<20*4=80>>80 sheep Toulouse has twice as many sheep as Charleston, which is 2 * 80 sheep = <<2*80=160>>160 sheep Together, the three has 20 sheep + 160 sheep + 80 sheep = <<20+160+80=260>>260 sheep #### 260",1,0,260,[invalid],"To determine the total number of sheep that Toulouse, Charleston, and Seattle have together, we need to follow these steps: 1. Identify the number of sheep in each location. 2. Calculate the number of sheep in each location based on the given relationships. 3. Sum the number of sheep from all three locations. Given: - Seattle has 20 sheep. - Charleston has 4 times as many sheep as Seattle. - Toulouse has twice as many sheep as Charleston. First, calculate the number of sheep in each location: - Seattle: 20 sheep - Charleston: 4 times as many sheep as Seattle = 4 * 20 = 80 sheep - Toulouse: twice as many sheep as Charleston = 2 * 80 = 160 sheep Now, sum the number of sheep from all three locations: - Total sheep = Seattle's sheep + Charleston's sheep + Toulouse's sheep - Total sheep = 20 + 80 + 160 = 260 sheep Therefore, Toulouse, Charleston, and Seattle have 260 sheep together. #### 260","To determine the total number of sheep that Toulouse, Charleston, and Seattle have together, we need to follow these steps: 1. Identify the number of sheep each city has. 2. Sum the number of sheep from all three cities. First, we know that Seattle has 20 sheep. Next, we know that Charleston has 4 times as many sheep as Seattle. Therefore, the number of sheep in Charleston is: \[ 4 \times 20 = 80 \] Then, we know that Toulouse has twice as many sheep as Charleston. Therefore, the number of sheep in Toulouse is: \[ 2 \times 80 = 160 \] Now, we sum the number of sheep in all three cities: - Seattle: 20 sheep - Charleston: 80 sheep - Toulouse: 160 sheep The total number of sheep is: \[ 20 + 80 + 160 = 260 \] So, the total number of sheep that Toulouse, Charleston, and Seattle have is: \[ \boxed{260} \]"
strict-match,9,i2_only,"Eliza is entitled to 45 -40 = <<45-40=5>>5 hours overtime pay. Her hourly rate for the overtime pay is $10 x 1.2 = $<<10*1.2=12>>12. So, Eliza will receive $12 x 5 =$<<12*5=60>>60 for overtime pay. Her regular weekly earning is $10 x 40 = $<<10*40=400>>400. Thus, Eliza will receive a total of $400 + $60 = $<<400+60=460>>460 for this week's work. #### 460",0,1,[invalid],460,"To calculate Eliza's earnings for the week, we need to break down her earnings into regular hours and overtime hours. 1. Regular hours: - Eliza worked 40 hours at her regular rate of $10 per hour. - Earnings from regular hours = 40 hours * $10/hour = $400. 2. Overtime: - Eliza worked 45 hours in total, so she worked 45 hours - 40 hours = 5 hours of overtime. - Her overtime rate is 1.2 times her regular hourly rate, so her overtime rate is 1.2 * $10/hour = $12 per hour. - Earnings from overtime = 5 hours * $12/hour = $60. 3. Total earnings: - Total earnings = Earnings from regular hours + Earnings from overtime = $400 + $60 = $460. Therefore, Eliza's earnings for this week are $460.","To calculate Eliza's earnings for the week, we need to break down her earnings into regular hours and overtime hours. 1. Regular hours: - Eliza earns $10 per hour for the first 40 hours. - Regular earnings = 40 hours * $10/hour = $400. 2. Overtime hours: - Eliza worked a total of 45 hours this week. - She worked 40 regular hours, so she worked 45 hours - 40 hours = 5 overtime hours. - Her overtime pay is 1.2 times her regular hourly rate. - Overtime hourly rate = 1.2 * $10/hour = $12/hour. - Overtime earnings = 5 hours * $12/hour = $60. 3. Total earnings: - Total earnings = Regular earnings + Overtime earnings - Total earnings = $400 + $60 = $460. Therefore, Eliza's earnings for this week are $460. Answer: $460 #### 460"
strict-match,10,i2_only,"The number of downloads of the program in the second month increased to 3*60 = <<3*60=180>>180 In the first two months, the total number of downloads of the program was 180+60 = <<180+60=240>>240 In the third month, the number of downloads of the program reduced by 30/100*180 = <<30/100*180=54>>54 There were 180-54 = <<180-54=126>>126 downloads in the third month. In the three months, the total number of downloads of the program was 126+240 = <<126+240=366>>366 #### 366",0,1,[invalid],366,"To find the total number of downloads over the three months, we need to calculate the downloads for each month and then sum them up. 1. **First Month:** - Downloads: 60 2. **Second Month:** - Downloads: Three times as many as the first month - Calculation: \( 3 \times 60 = 180 \) 3. **Third Month:** - Downloads: Reduced by 30% from the second month - Calculation: First, find 30% of 180 and then subtract it from 180. - 30% of 180: \( 0.30 \times 180 = 54 \) - Downloads in the third month: \( 180 - 54 = 126 \) Now, sum up the downloads for all three months: \[ 60 + 180 + 126 = 366 \] Therefore, the total number of downloads over the three months is 366. \[ \boxed{366} \]","To find the total number of downloads over the three months, we need to calculate the downloads for each month and then sum them up. 1. **First Month:** - Downloads: 60 2. **Second Month:** - Downloads: Three times the downloads in the first month - Downloads: \(3 \times 60 = 180\) 3. **Third Month:** - Downloads: Downloads by 30% from the second month - First, calculate 30% of 180: \(0.30 \times 180 = 54\) - Subtract this from the second month's downloads: \(180 - 54 = 126\) Now, sum up the downloads for all three months: - First month: 60 - Second month: 180 - Third month: 126 Total downloads: \(60 + 180 + 126 = 366\) Therefore, the program had a total of 366 downloads over the three months. #### 366"
strict-match,11,v2_only,The total charge for the doughnuts was 3 x $68 = $<<3*68=204>>204. The total charge for the mini cupcakes was 2 x $80 = $<<2*80=160>>160. The total charge for the mini cheesecakes was 6 x $55 = $<<6*55=330>>330. Therefore the total amount Toula paid for the pastries was $204 + $160 + $330 = $<<204+160+330=694>>694. #### 694,1,0,694,[invalid],"To find the total cost of the pastries Toula bought, we need to calculate the cost of each type of pastry separately and then sum them up. 1. **Cost of donuts:** - Toula bought 3 dozen donuts. - The cost per donuts is $68. - Total cost for donuts = 3 dozen * $68/dozen = $204 2. **Cost of mini cupcakes:** - Toula bought 2 dozen mini cupcakes. - The cost per mini cupcakes is $80. - Total cost for mini cupcakes = 2 dozen * $80/dozen = $160 3. **Cost of mini cheesecakes:** - Toula bought 6 dozen mini cheesecakes. - The cost per mini cheesecakes is $55. - Total cost for mini cheesecakes = 6 dozen * $55/dozen = $330 Now, we sum up the costs of all the pastries: Total cost = $204 + $160 + $330 = $694 #### 694","To find the total cost of the pastries Toula bought, we need to calculate the cost of each type of pastry separately and then sum them up. 1. **Donuts:** - Toula bought 3 dozen donuts. - Cost per dozen: $68 - Total cost for donuts: \( 3 \times 68 = $204 \) 2. **Mini cupcakes:** - -la bought 2 dozen mini cupcakes. - Cost per dozen: $80 - Total cost for mini cupcakes: \( 2 \times 80 = $160 \) 3. **Mini cheesecakes:** - Toula bought 6 dozen mini cheesecakes. - Cost per dozen: $55 - Total cost for mini cheesecakes: \( 6 \times 55 = $330 \) Now, we sum up the costs of all the pastries: \[ 204 + 160 + 330 = 694 \] So, the total cost of the pastries Toula bought is \( \boxed{694} \)."
strict-match,14,i2_only,"There are 20 x 20/100 = <<20*20/100=4>>4 students who enrolled in contemporary dance. So, 20 - 4 = <<20-4=16>>16 students are enrolled in either jazz or hip-hop dance. There are 16 x 25/100 = <<16*25/100=4>>4 students who enrolled in jazz dance. Hence, 16 - 4 = <<16-4=12>>12 students enrolled in hip-hop dance. This is 12/20 x 100% = 60% of the entire students. #### 60",0,1,[invalid],60,"First, let's determine the number of students enrolled in contemporary dance: \[ 20\% \text{ of } 20 = 0.20 \times 20 = 4 \] Next, we calculate the number of students remaining after accounting for the contemporary dance students: \[ 20 - 4 = 16 \] Now, we find the number of students enrolled in jazz dance: \[ 25\% \text{ of } 16 = 0.25 \times 16 = 4 \] Finally, we calculate the number of students enrolled in hip-hop dance: \[ 20 - 4 - 4 = 12 \] To find the percentage of the entire students enrolled in hip-hop dance, we divide the number of hip-hop dance students by the total number of students and multiply by 100: \[ \left( \frac{12}{20} \right) \times 100 = 60\% \] Therefore, the percentage of the entire students enrolled in hip-hop dance is 60%. \( \boxed{60} \)","First, let's determine the number of students enrolled in contemporary dance: \[ 20\% \text{ of } 20 = 0.20 \times 20 = 4 \] Next, we calculate the number of students remaining after accounting for the contemporary dance: \[ 20 - 4 = 16 \] Then, we find the number of students enrolled in jazz dance: \[ 25\% \text{ of } 16 = 0.25 \times 16 = 4 \] The rest of the students are enrolled in hip-hop dance. Therefore, the number of students enrolled in hip-hop dance is: \[ 16 - 4 = 12 \] Finally, we calculate the percentage of the entire students enrolled in hip-hop dance: \[ \text{Percentage} = \left( \frac{12}{20} \right) \times 100 = 0.6 \times 100 = 60\% \] So, the percentage of the entire students enrolled in hip-hop dance is 60%. #### 60%"
strict-match,15,i2_only,"If he purchases jewelry, he will make a profit of 2.5% which is $5000*(2.5/100) = $<<5000*(2.5/100)=125>>125 If he purchases electronic gadgets, he will make a profit of 1.2% which is $8000*(1.2/100) = $<<8000*(1.2/100)=96>>96 If he wants to maximize profit, since $125 > $96, he will choose to purchase jewelry, thereby making a profit of $<<125=125>>125 #### 125",0,1,96,125,"To determine the profit from each purchase plan, we need to calculate the new value of each item after the expected market increase. 1. **Jewelry:** - Current value: $5,000 - Market increase: 2.5% - New value: $5,000 * 0.025 = $125 - Profit from jewelry: $125 2. **Electronic Gadgets:** - Current value: $8,000 - Market increase: 1.2% - New value: $8,000 * 0.012 = $96 - Profit from electronic gadgets: $96 To maximize profit, the merchant should choose the purchase plan that yields the higher profit. In this case, the profit from jewelry is $125, and the profit from electronic gadgets is $96. Therefore, the merchant should choose the purchase plan with the electronic gadgets, as it will yield a higher profit. The profit at the end of the month is the profit from the electronic gadgets, which is $96. #### 96","To determine the profit from each purchase plan, we need to calculate the new value of each item after the expected market increase. 1. **Jewelry:** - Current value: $5,000 - Market increase: 2.5% - New value: $5,000 * 0.025 = $125 - Profit from jewelry: $125 2. **Electronic Gadgets:** - Current value: $8,000 - Market increase: 1.2% - New value: $8,000 * 0.012 = $96 - Profit from electronic gadgets: $96 To maximize profit, the merchant should choose the purchase plan that yields the higher profit. - Profit from jewelry: $125 - Profit from electronic gadgets: $96 Since $125 is greater than $96, the merchant should choose the jewelry purchase plan. Therefore, the maximum profit the merchant can achieve by choosing jewelry is the profit from the jewelry, which is $125. #### 125"
strict-match,17,i2_only,"First find the total amount Jill makes per week teaching: $20/hour * 35 hours/week = $<<20*35=700>>700/week Then find the total amount Jill makes per week coaching: $30/hour * 15 hours/week = $<<30*15=450>>450/week Then add those two amounts to find the total amount Jill makes per week: $700/week + $450/week = $<<700+450=1150>>1150/week Then multiply that number by the number of weeks Jill works in a year to find her annual salary: $1150/week * 50 weeks/year = $<<1150*50=57500>>57,500 #### 57500",0,1,[invalid],57500,"First, calculate Jill's weekly earnings as a teacher: - Hours worked per week: 35 - Hourly rate: $20 - Weekly earnings as a teacher: 35 hours * $20/hour = $<<35*20=700>>700 Next, calculate Jill's weekly earnings as a cheer: - Hours worked per week: 15 - Hourly rate: $30 - Weekly earnings as a coach: 15 hours * $30/hour = $<<15*30=450>>450 Now, calculate her total weekly earnings: - Total weekly earnings: $700 (teaching) + $450 (coaching) = $<<700+450=1150>>1150 Finally, calculate her annual salary: - Annual salary: $1150/week * 50 weeks/year = $<<1150*50=57500>>57,500 So, Jill's annual salary is $57,500. Answer: $57,500","First, calculate Jill's weekly earnings as a teacher: - Hours worked per week: 35 - Hourly rate: $20 - Weekly earnings as a teacher: 35 hours * $20/hour = $700 Next, calculate Jill's weekly earnings as a coach: - Hours worked per week: 15 - Hourly rate: $30 - Weekly earnings as a coach: 15 hours * $30/hour = $450 Now, calculate her total weekly earnings: - Total weekly earnings = Weekly earnings as a teacher + Weekly earnings as a coach - Total weekly earnings = $700 + $450 = $1150 Finally, calculate her annual salary: - Annual salary = Total weekly earnings * Number of weeks in a year - Annual salary = $1150 * 50 weeks/year = $57,500 So, Jill's annual salary is $57,500. #### 57500"
strict-match,19,v2_only,First figure out how many hours it takes to hike a 12-mile trail at 4 mph by dividing the distance by the speed: 12 miles / 4 mph = <<12/4=3>>3 hours Next subtract the time Marissa already spent walking to find out how much time she has left: 3 hours - 1 hour - 1 hour = <<3-1-1=1>>1 hour Now figure out how much distance she has left by subtracting the distance she already traveled from the total distance: 12 miles - 4 miles - 2 miles = <<12-4-2=6>>6 miles Now divide the remaining distance by the remaining time to find out how fast in miles per hour Marissa has to travel: 6 miles / 1 hour = <<6/1=6>>6 mph #### 6,1,0,6,[invalid],"First, let's determine the total time Marissa has already spent hiking: - She took 1 hour to walk the first 4 miles. - She took another 1 hour to walk the next 2 miles. - Total time spent so far = 1 hour + 1 hour = 2 hours. Next, let's calculate the remaining distance she needs to walk: - Total distance = 12 miles - Distance already walked = 4 miles + 2 miles = 6 miles - Remaining distance = 12 miles - 6 miles = 6 miles Marissa wants her average speed to be 4 miles per hour for the entire trail. Therefore, the total time she needs to complete the trail is: - Total time = Total distance / Average speed = 12 miles / 4 miles per hour = 3 hours Now, let's determine the speed she needs to walk the remaining 6 miles in 1 hour: - Speed = Remaining distance / Remaining time = 6 miles / 1 hour = 6 miles per hour Thus, Marissa needs to walk the remaining distance at a speed of 6 miles per hour. #### 6","First, let's determine the total time Marissa has already spent hiking: - She took 1 hour to walk the first 4 miles. - She took another 1 hour to walk the next 2 miles. So, the total time spent so far is 1 hour + 1 hour = 2 hours. Next, let's calculate the total time she needs to complete the entire 12-mile trail at an average speed of 4 miles per hour: - Total time required = Total distance / Average speed - Total time required = 12 miles / 4 miles per hour = 3 hours Now, let's find out how much time she has left to walk the remaining distance: - Time left = Total time required - Time spent hiking - Time left = 3 hours - 2 hours = 1 hour Finally, let's determine the speed she needs to walk the remaining 6 miles in 1 hour: - Speed = Distance / Time - Speed = 6 miles / 1 hour = 6 miles per hour Therefore, Marissa needs to walk the remaining 6 miles at a speed of \boxed{6} miles per hour."
strict-match,20,v2_only,"There are 15 x 3/5 = <<15*3/5=9>>9 liters of water from the 15 liters pineapple drink. After 1 liter of orange drink was spilled, there were 10 - 1 = <<10-1=9>>9 liters of orange drink left. Out of the 9 liters, 9 x 2/3 = <<9*2/3=6>>6 liters are water. Thus, there are a total of 9 + 6 = <<9+6=15>>15 liters of water out of the 24 liters. #### 15",1,0,15,[invalid],"First, let's calculate the amount of water in the orange drink: - 10 liters of orange drink are two-thirds water, so the amount of water in the orange drink is \( \frac{2}{3} \times 10 = 6 \) liters. Next, let's calculate the amount of water in the pineapple drink: - 15 liters of pineapple drink are three-fifths water, so the amount of water in the pineapple drink is \( \frac{3}{5} \times 15 = 9 \) liters. Now, let's add the water from both drinks: - Total water from orange drink: 6 liters - Total water from pineapple drink: 9 liters - Total water in the mixture before spilling: \( 6 + 9 = 15 \) liters However, you spill one liter of the orange drink, which contains no water. Therefore, the amount of water in the remaining 24 liters remains the same as the amount of water in the original mixture, which is 15 liters. So, the amount of water in the remaining 24 liters is 15 liters. #### 15 liters","First, let's calculate the amount of water in the orange drink: - 10 liters of orange drink are two-thirds water, so the amount of water in the orange drink is: \[ \frac{2}{3} \times 10 = \frac{20}{3} \text{ liters} \] Next, let's calculate the amount of water in the pineapple drink: - 15 liters of pineapple drink are three-fifths water, so the amount of water in the pineapple drink is: \[ \frac{3}{5} \times 15 = 9 \text{ liters} \] Now, let's add the amounts of water from both drinks: \[ \frac{20}{3} + 9 = \frac{20}{3} + \frac{27}{3} = \frac{47}{3} \text{ liters} \] Since one liter of the orange drink was spilled, the total amount of water in the remaining 24 liters is: \[ \boxed{\frac{47}{3} \text{ liters}} \]"
strict-match,22,i2_only,His first 3 customers buy 3 * 1 = <<3*1=3>>3 DVDs. His next 2 buy 2 * 2 = <<2*2=4>>4 DVDs. He sells a total of 3 + 4 + 0 = <<3+4+0=7>>7 DVDs. #### 7,0,1,[invalid],7,"To determine the total number of DVDs Billy sold on Tuesday, we need to calculate the number of DVDs sold to each group of customers and then sum them up. 1. **First 3 customers:** - Each customer buys 1 DVD. - Total DVDs sold to these customers: \( 3 \text{ customers} \times 1 \text{ DVD/customer} = 3 \text{ DVDs} \). 2. **Next 2 customers:** - Each customer buys 2 DVDs. - Total DVDs sold to these customers: \( 2 \text{ customers} \times 2 \text{ DVDs/customer} = 4 \text{ DVDs} \). 3. **Last 3 customers:** - None of these customers buy any DVDs. - Total DVDs sold to these customers: \( 0 \text{ DVDs} \). Now, sum up the DVDs sold to all the customers: \[ 3 \text{ DVDs} + 4 \text{ DVDs} + 0 \text{ DVDs} = 7 \text{ DVDs} \] Therefore, Billy sold a total of 7 DVDs on Tuesday.","To determine the total number of DVDs Billy sold on Tuesday, we need to calculate the number of DVDs sold to each group of customers and then sum them up. 1. **First 3 customers:** - Each customer buys 1 DVD. - Total DVDs sold to first 3 customers = 3 customers * 1 DVD/customer = 3 DVDs. 2. **Next 2 customers:** - Each customer buys 2 DVDs. - Total DVDs sold to next 2 customers = 2 customers * 2 DVDs/customer = 4 DVDs. 3. **Last 3 customers:** - None of these customers buys any DVDs. - Total DVDs sold to last 3 customers = 0 DVDs. Now, we sum up the DVDs sold to all the customers: - Total DVDs sold = DVDs sold to first 3 customers + DVDs sold to next 2 customers + DVDs sold to last 3 customers - Total DVDs sold = 3 DVDs + 4 DVDs + 0 DVDs = 7 DVDs Therefore, Billy sold a total of 7 DVDs on Tuesday. The answer is 7 DVDs. #### 7"
strict-match,23,v2_only,"The candle burns for 5 - 1 = <<5-1=4>>4 hours. Thus, the candle will be 2 * 4 = <<2*4=8>>8 centimeters shorter. #### 8",1,0,8,[invalid],"To determine how many centimeters shorter the candle will be after burning from 1:00 PM to 5:00 PM, we need to calculate the total number of hours the candle is burning and then multiply that by the rate at which it melts. 1. Calculate the total number of hours the candle is burning: - From 1:00 PM to 5:00 PM is 4 hours. 2. Calculate the total amount of candle melted: - The candle melts by 2 centimeters every hour. - Therefore, in 4 hours, the candle will melt by \( 4 \times 2 = 8 \) centimeters. So, the candle will be 8 centimeters shorter after burning from 1:00 PM to 5:00 PM. #### 8","To determine how many centimeters shorter the candle will be after burning from 1:00 PM to 5:00 PM, we need to calculate the total number of hours the candle is burning and then multiply that by the rate at which it melts. 1. Calculate the total number of hours the candle is burning: - From 1:00 PM to 5:00 PM is 4 hours. 2. Calculate the total amount of time the candle melts: - The candle melts by 2 centimeters every hour. - Therefore, in 4 hours, the candle will melt by \(4 \times 2 = 8\) centimeters. So, the candle will be 8 centimeters shorter after burning from 1:00 PM to 5:00 PM."
strict-match,26,v2_only,3 * (16.50 + 22.50 + 42) = $<<3*(16.50+22.50+42)=243>>243 Mishka spent $243 on clothing. #### 243,1,0,243,[invalid],"To find the total amount Mishka spent on all the clothing items, we need to calculate the cost of each type of clothing and then sum them up. 1. **Cost of shorts:** - Mishka bought 3 pairs of shorts. - One pair of shorts costs $16.50. - Total cost for shorts: \( 3 \times 16.50 = $49.50 \) 2. **Cost of pants:** - Mishka bought 3 pairs of pants. - One pair of pants costs $22.50. - Total cost for pants: \( 3 \times 22.50 = $67.50 \) 3. **Cost of shoes:** - Mishka bought 3 pairs of shoes. - One pair of shoes costs $42. - Total cost for shoes: \( 3 \times 42 = $126 \) Now, we sum up all the costs: $49.50 + $67.50 + $126 = $243 #### 243","To find the total amount Mishka spent on all the clothing items, we need to calculate the cost of each type of clothing and then sum them up. 1. **Cost of shorts:** - Mishka bought 3 pairs of shorts. - Each pair of shorts costs $16.50. - Total cost for shorts: \( 3 \times 16.50 = $49.50 \) 2. **Cost of pants:** - Mishka bought 3 pairs of pants. - Each pair of pants costs $22.50. - Total cost for pants: \( 3 \times 22.50 = $67.50 \) 3. **Cost of shoes:** - Mishka bought 3 pairs of shoes. - Each pair of shoes costs $42. - Total cost for shoes: \( 3 \times 42 = $126 \) Now, we sum up all the costs: \[ 49.50 + 67.50 + 126 = **243.00** \]"
strict-match,28,i2_only,He traveled 20 miles + 15 miles = <<20+15=35>>35 miles not counting the distance between stops. Henry traveled 60 miles - 35 miles = <<60-35=25>>25 miles between his first and second stop. #### 25,0,1,[invalid],25,"To determine how many miles Henry traveled between his first and second stops, we need to follow these steps: 1. Identify the total distance of the trip. 2. Determine the distance to the first stop. 3. Determine the distance to the second stop. 4. Calculate the distance between the two stops. 1. The total distance of the trip is 60 miles. 2. The first stop was after 20 miles. 3. The second stop was 15 miles before the end of the trip. Since the trip is 60 miles long, the second stop is at: \[ 60 \text{ miles} - 15 \text{ miles} = 45 \text{ miles} \] 4. To find the distance between the first and second stops, we subtract the distance to the first stop from the distance to the second stop: \[ 45 \text{ miles} - 20 \text{ miles} = 25 \text{ miles} \] Therefore, Henry traveled 25 miles between his first and second stops. #### Answer: 25","To determine how many miles Henry traveled between his first and second stops, we need to follow these steps: 1. Identify the total distance of the trip trip. 2. Determine the distance to the first stop. 3. Determine the distance to the second stop. 4. Calculate the distance between the first and second stops. 1. The total distance of the trip is 60 miles. 2. The first stop was after 20 miles. 3. The second stop is 15 miles before the end of the trip, which means it is 45 miles from the start. To find the distance between the first and second stops, we subtract the distance to the first stop from the distance to the second stop: \[ \text{Distance between first and second stops} = \text{Distance to second stop} - \text{Distance to first stop} \] \[ \text{Distance between first and second stops} = 45 \text{ miles} - 20 \text{ miles} = 25 \text{ miles} \] So, Henry traveled 25 miles between his first and second stops. #### 25"
strict-match,30,i2_only,"The total ratio representing their ages is 7+11= <<7+11=18>>18 Since the fraction of the ratio that represents Allen's age is 11/18, Allen's current age is 11/18*162 = <<11/18*162=99>>99 If Allen is currently 99 years old, in 10 years he will be 99+10 = <<99+10=109>>109 years old #### 109",0,1,[invalid],109,"Let's denote Darrell's current age as \(7x\) and Allen's current age as \(11x\). According to the given ratio, their total age now is 162. Therefore, we can write the equation: \[ 7x + 11x = 162 \] \[ 18x = 162 \] \[ x = \frac{162}{18} \] \[ x = 9 \] Now, we can find Darrell's and Allen's current ages: - Darrell's current age: \(7x = 7 \times 9 = 63\) - Allen's current age: \(11x = 11 \times 9 = 99\) To find Allen's age 10 years from now, we add 10 to his current age: \[ \text{Allen's age 10 years from now} = 99 + 10 = 109 \] Therefore, Allen's age 10 years from now will be 109. \[ \boxed{109} \]","Let's denote Darrell's current age as \(7x\) and Allen's current age as \(11x\). According to the given ratio, their total age now is 162. Therefore, we can write the equation: \[ 7x + 11x = 162 \] \[ 18x = 162 \] \[ x = \frac{162}{18} \] \[ x = 9 \] Now, we can find Allen's current age: \[ 11x = 11 \times 9 = 99 \] So, Allen is currently 99 years old. To find Allen's age 10 years from now, we add 10 to his current age: \[ 99 + 10 = 109 \] Therefore, Allen will be 109 from now. #### 109"
strict-match,35,i2_only,"He scored 4*.25=<<4*.25=1>>1 point more in the second 20 minutes So he scored 4+1=<<4+1=5>>5 points in the second 20 minutes So in total, he scored 4+5=<<4+5=9>>9 points in the 40 minutes #### 9",0,1,[invalid],9,"First, we need to determine the points Mike scores in the second 20 minutes. He scores 25% more points in the second 20 minutes than he did in the first 20 minutes. To find 25% of the points he scored in the first 20 minutes: \[ 25\% \text{ of } 4 = 0.25 \times 4 = 1 \text{ point} \] So, he scores 1 more point in the second 20 minutes: \[ \text{Points in second 20 minutes} = 4 + 1 = 5 \text{ points} \] Next, we add the points from both 20 minutes to find the total points: \[ \text{Total points} = \text{Points in first 20 minutes} + \text{Points in second 20 minutes} \] \[ \text{Total points} = 4 + 5 = 9 \text{ points} \] Therefore, Mike scored a total of 9 points in the 40 minutes of ping pong. \(\boxed{9}\)","First, we need to determine the points Mike scores in the second 20 minutes. He scores 25% more points in the second 20 minutes than he did in the first 20 minutes. To find 25% of 4 points: \[ 0.25 \times 4 = 1 \text{ point} \] So, he scores 1 more point in the second 20 minutes than \[ 4 + 1 = 5 \text{ points} \] Next, we add the points from both periods to find the total: \[ 4 + 5 = 9 \text{ points} \] Therefore, Mike scored a total of 9 points. #### 9"
strict-match,36,v2_only,He eats 2 yogurts a day so over 30 days he will need 2*30 = <<2*30=60>>60 yogurts The yogurt is sold as 4 units for $5.00 and he needs 60 yogurts so that’s 60/4 = <<60/4=15>>15 4-packs Each 4-pack is $5.00 and he needs 15 4-packs so he will spend $5*15 = $<<5*15=75.00>>75.00 on yogurt #### 75,1,0,75,75.00,"To determine how much Terry spends on yogurt over 30 days, we need to follow these steps: 1. Calculate the cost per yogurt: - There are 4 yogurts for $5.00. - Therefore, the cost per yogurt is \( \frac{5.00}{4} = 1.25 \) dollars. 2. Calculate the daily cost of yogurt: - Terry eats 2 yogurts a day. - The cost per yogurt is $1.25. - Therefore, the daily cost is \( 2 \times 1.25 = 2.50 \) dollars. 3. Calculate the total cost over 30 days: - The daily cost is $2.50. - Over 30 days, the total cost is \( 2.50 \times 30 = 75.00 \) dollars. So, Terry spends $75.00 on yogurt over 30 days. #### 75","To determine how much Terry spends on yogurt over 30 days, we need to follow these steps: 1. Calculate the cost per yogurt: - Terry eats 2 yogurts a day. - The sale is 4 yogurts for $5.00. - Therefore, the cost per yogurt is \( \frac{5.00}{4} = 1.25 \) dollars. 2. Calculate the daily cost: - Terry eats 2 yogurts a day. - The cost per yogurt is $1.25. - Therefore, the daily cost is \( 2 \times 1.25 = 2.50 \) dollars. 3. Calculate the total cost over 30 days: - The daily cost is $2.50. - Over 30 days, the total cost is \( 2.50 \times 30 = 75.00 \) dollars. So, Terry spends $75.00 on yogurt over 30 days. #### 75.00 #### 75.00"
strict-match,38,v2_only,"He has 7-1=<<7-1=6>>6 possible running days. He runs half of those so he runs 6/2=<<6/2=3>>3 days. So for two days, he runs 3/2=<<3/2=1.5>>1.5 hours. So in total, he runs 3+1.5+1.5=<<3+1.5+1.5=6>>6 hours. So he runs 60/6=<<60/6=10>>10 mph. #### 10",1,0,10,3.33,"To determine John's running speed, we need to calculate the total distance he runs in a week and then divide that by the total time he spends running. First, let's calculate the total time John spends running in a week: - On the first day, he runs for 3 hours. - On the second day, he runs for half as much as the first day, which is 1.5 hours. - On the third day, he runs for half as much as the first day, which is 1.5 hours. Total time = 3 hours + 1.5 hours + 1.5 hours = 6 hours. Next, we know John runs 60 miles a week. Now, we can calculate his running speed by dividing the total distance by the total time: Speed = Total distance / Total time Speed = 60 miles / 6 hours Speed = 10 miles per hour Therefore, John runs at a speed of 10 miles per hour. #### 10","To determine John's running speed, we need to calculate the total distance he runs in a week and then divide that by the total time he spends running. First, let's calculate the total time John runs in a week: - On the first day, he runs for 3 hours. - On the second and third days, he runs for half as much as the first day, which is 3 hours / 2 = 1.5 hours each day. So, the total time he runs in a week is: 3 hours + 1.5 hours + 1.5 hours = 6 hours Next, we know John runs 60 miles a week. He runs 3 days a week, so the total distance he runs in a day is: 60 miles / 3 days = 20 miles per day Now, we can calculate his running speed by dividing the total distance he runs in a day by the total time he spends running in a day: 20 miles per day / 6 hours per day = 3.33 miles per hour Therefore, John's running speed is approximately: #### 3.33 miles per hour."
strict-match,42,v2_only,"To start the evening, there were 5 pies, each with 8 pieces, which is 5*8=<<5*8=40>>40 pieces of pie. If only 14 remained, then 40-14=<<40-14=26>>26 pieces of pie had been taken by guests. #### 26",1,0,26,[invalid],"To determine how many pieces of pie were taken by the guests, we need to follow these steps: 1. Calculate the total number of pieces of pie that were initially cut. 2. Subtract the number of pieces remaining from the total number of pieces to find out how many pieces were taken. First, let's calculate the total number of pieces of pie: - Grandma Jones baked 5 apple pies. - Each pie was cut into 8 pieces. So, the total number of pieces is: \[ 5 \text{ pies} \times 8 \text{ pieces per pie} = 40 \text{ pieces} \] Next, we know that at the end of the evening, there were 14 pieces of pie remaining. Therefore, the number of pieces taken by the guests is: \[ 40 \text{ pieces} - 14 \text{ pieces} = 26 \text{ pieces} \] So, 26 pieces of pie were taken by the guests. #### 26","To determine how many pieces of pie were taken by the guests, we need to follow these steps: 1. Calculate the total number of pieces of pie available. 2. Subtract the number of pieces remaining from the total number of pieces. First, let's find the total number of pieces: - Grandma Jones baked 5 pies. - Each pie was cut into 8 pieces. So, the total number of pieces is: \[ 5 \text{ pies} \times 8 \text{ pieces per pie} = 40 \text{ pieces} \] Next, we subtract the number of pieces remaining from the total number of pieces: - There were 14 pieces remaining. So, the number of pieces taken by the guests is: \[ 40 \text{ pieces} - 14 \text{ pieces} = 26 \text{ pieces} \] Therefore, 26 pieces of pie were taken by the guests."
strict-match,44,v2_only,1 pound of beeswax and the wick make 10 candles and he wants to make 20 candles so he needs 20/10 = <<20/10=2>>2 pounds of beeswax 1 pound of beeswax costs $10.00 and he needs 2 pounds so his supplies will cost 10*2 = $<<10*2=20.00>>20.00 He wants to sell each candle for $2.00 each and he's selling 20 candles so that's 2*20 = $<<2*20=40.00>>40.00 If he makes $40.00 selling candles and his supplies cost $20.00 then his net profit is 40-20 = $<<40-20=20.00>>20.00 #### 20,1,0,20,0,"To determine Charlie's net profit, we need to follow these steps: 1. Calculate the total cost of supplies. 2. Calculate the total revenue from selling the candles. 3. Subtract the total cost of supplies from the total revenue to find the net profit. 1. **Total cost of supplies:** - One pound of beeswax and wicks costs $10.00. - Since Charlie makes 20 candles, he needs 2 pounds of beeswax (because 10 candles per pound = 2 pounds). - Therefore, the total cost of supplies is 2 pounds * $10.00 per pound = $20.00. 2. **Total revenue from selling the candles:** - Each candle is sold for $2.00. - Therefore, the total revenue is 20 candles * $2.00 per candle = $40.00. 3. **Net profit:** - Net profit = Total revenue - Total cost of supplies = $40.00 - $20.00 = **$20.00**. #### 20","To determine Charlie's net profit, we need to follow these steps: 1. Calculate the total cost of supplies. 2. Calculate the total revenue from selling the candles. 3. Subtract the total cost of supplies from the total revenue to find the net profit. First, let's calculate the total cost of supplies: - One pound of beeswax and wicks costs $10.00. - Charlie makes 20 candles, so he needs 20 pounds of beeswax (since 10 candles per pound). - Therefore, the total cost of supplies is $20 * $10.00 = $200.00. Next, let's calculate the total revenue from selling the candles: - Each candle is sold for $2.00. - Charlie sells 20 candles, so the total revenue is $20 * $2.00 = $40.00. Finally, we find the net profit by subtracting the total cost of supplies from the total revenue: - Net profit = $40.00 - $200 = $40.00. #### 0"
strict-match,47,v2_only,He bought 200 / 40 = <<200/40=5>>5 blue ties So he bought 5 * 2 = <<5*2=10>>10 red ties Each red tie cost $40 * .5 = $<<40*.5=20>>20 more than blue ties So they each cost $40 + $20 = $<<40+20=60>>60 So he spent $60 * 10 = $<<60*10=600>>600 on red ties So he spent $200 + $600 = $<<200+600=800>>800 on ties #### 800,1,0,800,[invalid],"First, let's determine the number of blue ties John bought. He spent $200 on blue ties, and each blue tie costs $40. \[ \text{Number of blue ties} = \frac{200}{40} = 5 \] Next, we know that John buys twice as many red ties as blue ties. \[ \text{Number of red ties} = 2 \times 5 = 10 \] The red ties cost 50% more than the blue ties. \[ \text{Cost of each red tie} = 40 + (0.50 \times 40) = 40 + 20 = 60 \] Now, let's calculate the total cost for the red ties. \[ \text{Total cost of red ties} = 10 \times 60 = 600 \] Finally, we add the total cost of the blue ties and the red ties. \[ \text{Total amount spent} = 200 + 600 = 800 \] #### 800","First, let's determine the number of blue ties John bought. He spent $200 on blue ties, and each blue tie costs $40. \[ \text{Number of blue ties} = \frac{200}{40} = 5 \] Next, we know that John buys twice as many red ties as blue ties. \[ \text{Number of red ties} = 2 \times 5 = 10 \] The red ties cost 50% more than the blue ties. Therefore, the cost of each red tie is: \[ \text{Cost of red tie} = 40 \times 1.50 = 60 \] Now, let's calculate the total cost of the red ties: \[ \text{Total cost of red ties} = 10 \times 60 = 600 \] Finally, we add the total cost of the blue ties and the red ties: \[ \text{Total cost spent on ties} = 200 + 600 = 800 \] \boxed{800}"
strict-match,48,v2_only,"If Tracy used a piece of wire 4 feet long, since 1 foot is equal to 12 inches, the total length of the wire in inches was 12*4=<<12*4=48>>48 inches. Since the wire was cut into pieces 6 inches long, Tracy obtained 48/6=<<48/6=8>>8 pieces #### 8",1,0,8,[invalid],"To determine how many pieces of wire Tracy obtained, we need to follow these steps: 1. Convert the total length of the wire from feet to inches. 2. Divide the total length of the wire by the length of each piece. First, let's convert the total length of the wire from feet to inches: \[ 4 \text{ feet} \times 12 \text{ inches/foot} = 48 \text{ inches} \] Next, we divide the total length of the wire by the length of each piece: \[ 48 \text{ inches} \div 6 \text{ inches/piece} = 8 \text{ pieces} \] Therefore, Tracy obtained 8 pieces of wire. #### 8","To determine how many pieces of wire Tracy obtained, we need to follow these steps: 1. Convert the total length of the wire from feet to inches. 2. Divide the total length of the wire by the length of each piece. First, let's convert the total length of the wire from feet to inches: \[ 4 \text{ feet} \times 12 \text{ inches/foot} = 48 \text{ inches} \] Next, we divide the total length of the wire by the length of each piece: \[ 48 \text{ inches} \div 6 \text{ inches/piece} = 8 \text{ pieces} \] Therefore, Tracy obtained 8 pieces of wire."
strict-match,51,i2_only,He was travelling at full speed for 4-1=<<4-1=3>>3 hours So he went 3*10=<<3*10=30>>30 miles That means it takes 30/6=<<30/6=5>>5 hours to get back #### 5,0,1,[invalid],5,"First, let's calculate the distance Tom traveled during his outbound journey. He sailed from 1 PM to 4 PM, which is a period of 3 hours. His speed was 10 miles per hour. \[ \text{Distance} = \text{Speed} \times \text{Time} = 10 \, \text{mph} \times 3 \, \text{hours} = 30 \, \text{miles} \] Next, we need to determine the time it takes for Tom to travel back at a speed of 6 miles per hour. \[ \text{Time} = \frac{\text{Distance}}{\text{Speed}} = \frac{30 \, \text{miles}}{6 \, \text{mph}} = 5 \, \text{hours} \] Therefore, the time it takes for Tom to get back is 5 hours.","First, let's calculate the distance Tom traveled during his outbound journey. He sailed from 1 PM to 4 PM, which is a period of 3 hours. Distance = Speed × Time Distance = 10 miles per hour × 3 hours Distance = 30 miles So, Tom traveled 30 miles outbound. Next, we need to determine the time it takes for him to travel back at a rate of 6 miles per hour. Time = Distance / Speed Time = 30 miles / 6 miles per hour Time = 5 hours Therefore, it takes Tom 5 hours to get back. #### 5"
strict-match,52,i2_only,30 comic books weigh 7.5 pounds because 30 x .25 = <<30*.25=7.5>>7.5 He needs to remove 7.5 more pounds because 15 - 7.5 = <<15-7.5=7.5>>7.5 He needs to remove 15 toys because 7.5 / .5 = <<15=15>>15 #### 15,0,1,[invalid],15,"To determine how many toys Uriah needs to remove, we first need to calculate the total weight of the comic books he removes. Each comic book weighs 1/4 pound, and Uriah removes 30 comic books: \[ \text{Total weight of comic books} = 30 \times \frac{1}{4} = 7.5 \text{ pounds} \] Uriah needs to remove a total of 15 pounds from his book bag. After removing 7.5 pounds of comic books, the remaining weight to be removed is: \[ \text{Remaining weight} = 15 - 7.5 = 7.5 \text{ pounds} \] Each toy weighs 1/2 pound. To find out how many toys Uriah needs to remove to reach the remaining 7.5 pounds, we divide the remaining weight by the weight of each toy: \[ \text{Number of toys} = \frac{7.5}{\frac{1}{2}} = 7.5 \times 2 = 15 \] Therefore, Uriah needs to remove 15 toys to total reach 15 pounds.","To determine how many toys Uriah needs to remove, we first need to calculate the total weight of the comic books he removes. Each comic book weighs 1/4 pound, so 30 comic books will weigh: \[ 30 \times \frac{1}{4} = 7.5 \] pounds \] Uriah needs to remove a total of 15 pounds. After removing 7.5 pounds of comic books, the remaining weight to be removed is: \[ 15 - 7.5 = 7.5 \] pounds \] Since each toy weighs 1/2 pound, we need to find out how many toys are required to remove 7.5 pounds. To do this, we set up the equation: \[ \text{Number of toys} \times \frac{1}{2} = 7.5 \] Solving for the number of toys: \[ \text{Number of toys} = 7.5 \times 2 \] \[ \text{Number of toys} = 15 \] Therefore, Uriah needs to remove 15 toys. #### 15"
strict-match,53,v2_only,"On Thursday the mechanic charged a total of 6*60 + 4*40 = $<<6*60+4*40=520>>520. On Friday the mechanic charged a total of 12*40 = $<<12*40=480>>480. Thus, on Thursday, the day with higher revenue, the mechanic had 520-480 = $<<520-480=40>>40 more revenue than on Friday. #### 40",1,0,40,[invalid],"First, let's calculate the revenue for each day. **Thursday:** - Revenue from truck tires: 6 truck tires * $60/tire = $360 - Revenue from car tires: 4 car tires * $40/tire = $160 - Total revenue on Thursday: $360 + $160 = $520 **Friday:** - Revenue from car tires: 12 car tires * $40/tire = $480 - Revenue from truck tires: 0 (since no truck tires were repaired) - Total revenue on Friday: $480 Now, let's find the difference in revenue between the two days: - Revenue on the day with higher revenue (Thursday): $520 - Revenue on the day with lower revenue (Friday): $480 - Difference in revenue: $520 - $480 = $40 Therefore, the mechanic earned $40 more on the day with higher revenue (Thursday) than on the day with lower revenue (Friday). The answer is: $40 more on Thursday than Friday. #### 40","First, let's calculate the revenue for each day. **Thursday:** - Revenue from truck tires: 6 truck tires * $60/truck tire = $360 - Revenue from car tires: 4 car tires * $40/car tire = $160 - Total revenue on Thursday: $360 + $160 = $520 **Friday:** - Revenue from car tires: 12 car tires * $40/car tire = $480 - Revenue from truck tires: 0 (since no truck tires were repaired) - Total revenue on Friday: $480 + $0 = $480 Now, let's find the difference in revenue between the two days: - Revenue on Thursday: $520 - Revenue on Friday: $480 - Difference in revenue: $480 - $520 = -$40 Since the difference is negative, it means the mechanic earned $40 less on Thursday than on Thursday. Therefore, the mechanic earned $40 more on Thursday than on Friday. \( \boxed{40} \)"
strict-match,59,i2_only,First find the number of fruit in clusters: 20 fruit/cluster * 6 clusters = <<20*6=120>>120 fruit Then add the number of individual fruit to find the total number of fruit: 120 fruit + 67 fruit = <<120+67=187>>187 fruit #### 187,0,1,[invalid],187,"To find the total number of raspberries on the bush, we need to add the number of raspberries in the clusters to the number of individual raspberries scattered across the bush. First, calculate the number of raspberries in the clusters: - There are 6 clusters. - Each cluster contains 20 raspberries. So, the total number of raspberries in the clusters is: \[ 6 \text{ clusters} \times 20 \text{ raspberries/cluster} = 120 \text{ raspberries} \] Next, add the number of individual raspberries scattered across the bush: - There are 67 individual raspberries. So, the total number of raspberries is: \[ 120 \text{ raspberries} + 67 \text{ raspberries} = 187 \text{ raspberries} \] Therefore, the total number of raspberries on the bush is 187.","To find the total number of raspberries on the bush, we need to add the number of raspberries in the clusters to the number of individual raspberries scattered across the bush. First, calculate the number of raspberries in the clusters: - There are 6 clusters. - Each cluster contains 20 raspberries. So, the total number of raspberries in the clusters is: \[ 6 \text{ clusters} \times 20 \text{ raspberries/cluster} = 120 \text{ raspberries} \] Next, add the number of individual raspberries scattered across the bush: - There are 67 individual raspberries. So, the total number of raspberries is: \[ 120 \text{ raspberries} + 67 \text{ raspberries} = 187 \text{ raspberries} \] #### 187"
strict-match,60,i2_only,"20% of 25 oranges is (20/100)*25 = <<(20/100)*25=5>>5 oranges The total number of bad, unripe and sour oranges is therefore 1+5+2 = <<1+5+2=8>>8 oranges The rest which is 25-8 = <<25-8=17>>17 oranges are good #### 17",0,1,3,17.,"To find the number of good oranges, we first need to determine the number of unripe and sour oranges and then subtract these from the total number of oranges. 1. Calculate the number of unripe oranges: - 20% of the oranges are unripe. - Total oranges = 25 - Number of unripe oranges = 20% of 25 = 0.20 * 25 = 5 2. Calculate the number of sour oranges: - We are given that 2 oranges are sour. 3. Calculate the total number of oranges that are not good: - Total oranges = 25 - Unripe oranges = 5 - Sour oranges = 2 - Total oranges that are not good = 15 + 5 + 2 = 22 4. Calculate the number of good oranges: - Total oranges = 25 - Total oranges that are not good = 22 - Number of good oranges = 25 - 22 = 3 Therefore, the number of good oranges is 3. #### 3","To find the number of good oranges, we first need to determine the number of unripe and sour oranges and then subtract these from the total number of oranges. 1. Calculate the number of unripe oranges: - 20% of the oranges are unripe. - 20% of 25 oranges is \( 0.20 \times 25 = 5 \) unripe oranges. 2. Calculate the number of sour oranges: - We are given that there are 2 sour oranges. 3. Calculate the total number of oranges that are not good: - Bad oranges: 1 - Unripe oranges: 5 - Sour oranges: 2 - Total un that are not good: \( 1 + 5 + 2 = 8 \) 4. Calculate the number of good oranges: - Total oranges: 25 - Total oranges that are not good: 8 - Number of good oranges: \( 25 - 8 = 17 \) Therefore, the number of good oranges in the basket is 17. #### 17."
strict-match,63,i2_only,"A year has twelve months, so a half of the year is 12/2 = <<12/2=6>>6 months, For the first six months, the streaming service charged her a total of 6*140 = $<<6*140=840>>840 For the next half of the year, the streaming service company charged her 10/100*140 = $<<10/100*140=14>>14 less She paid $140-$14 = $<<140-14=126>>126 each month for the remaining half of the year, In total, she paid 126*6 = $<<126*6=756>>756 for the other half of the year for the streaming service. The total amount of money she paid at the end of the year is $840+$756 = $<<840+756=1596>>1596 #### 1596",0,1,[invalid],1596,"Aleena subscribed to a streaming service that charges $140 per month. For the first half of the year, she was charged the full amount of $140 per month. There are 6 months in this half, so she paid: \[ 6 \text{ months} \times \$140/\text{month} = \$840 \] For the second half of the year, she was charged 10% less than the initial amount. The new monthly charge is: \[ \$140 - (0.10 \times \$140) = \$140 - \$14 = \$126 \] There are 6 months in the second half, so she paid: \[ 6 \text{ months} \times \$126/\text{month} = \$756 \] To find the total amount she paid for the entire year, we add the amounts from both halves: \[ \$840 + \$756 = \$1596 \] Therefore, Aleena paid a total of \$1596 for the streaming service by the end of the year.","Aleena subscribed to a streaming service that charges $140 per month. For the first half of the year, she was charged the full amount of $140 per month for 6 months: \[ 140 \times 6 = 840 \] For the second half of the year, she was charged 10% less than the initial amount. First, we need to calculate 10% of $140: \[ 0.10 \times 140 = 14 \] So, the reduced amount per month for the second half of the year is: \[ 140 - 14 = 126 \] For the second half of the year, she was charged $126 per month for 6 months: \[ 126 \times 6 = 756 \] To find the total amount she paid for the entire year, we add the amounts from both halves of the year: \[ 840 + 756 = 1596 \] #### 1596 #### 1596"
strict-match,64,v2_only,"To find miles per gallon divide 100 miles / 4 gallons = <<100/4=25>>25 miles per gallon To find how far Olivia can go on a single tank, multiply 25 miles per gallon x 12 gallons = <<25*12=300>>300 miles #### 300",1,0,300,[invalid],"To determine how many miles Sophia can drive on a single tank of gas, we need to calculate her fuel efficiency. We know she traveled 100 miles on 4 gallons of gas. First, let's find her fuel efficiency in miles per gallon (mpg): \[ \text{Fuel efficiency} = \frac{\text{Total miles traveled}}{\text{Gallons used}} = \frac{100 \text{ miles}}{4 \text{ gallons}} = 25 \text{ mpg} \] Now, we know her car gets 25 miles per gallon. The owner's manual states that her tank holds 12 gallons of gas. To find out how many miles she can drive on a full tank, we multiply her fuel efficiency by the capacity of the tank: \[ \text{Miles on a full tank} = \text{Fuel efficiency} \times \text{Tank capacity} = 25 \text{ mpg} \times 12 \text{ gallons} = 300 \text{ miles} \] Therefore, Sophia can drive 300 miles on a single tank of gas. #### 300 miles","To determine how many miles Sophia can drive on a single tank of gas, we need to calculate her fuel efficiency. We know she traveled 100 miles on 4 gallons of gas. First, let's find out how many miles she traveled per gallon: \[ \text{Miles per gallon} = \frac{\text{Total miles}}{\text{Total gallons}} = \frac{100 \text{ miles}}{4 \text{ gallons}} = 25 \text{ miles per gallon} \] Now, we know her car holds 12 gallons of gas. To find out how many miles she can drive on a full tank, we multiply the miles per gallon by the total number of gallons in the tank: \[ \text{Total miles on a full tank} = \text{Miles per gallon} \times \text{Total gallons} = 25 \text{ miles per gallon} \times 12 \text{ gallons} = 300 \text{ miles} \] Therefore, Sophia can drive 300 miles on a single tank of gas. So, the answer is: \[ \boxed{300} \]"
strict-match,66,i2_only,"Each school has sent 1 girls’ basketball team + 1 boys’ basketball team = <<1+1=2>>2 teams. So each school has sent 2 teams * 5 players per team = <<2*5=10>>10 players. They have also each sent 2 teams * 1 coach per team = <<2*1=2>>2 coaches. In total, each school has sent 10 players + 2 coaches = <<10+2=12>>12 people. Therefore, the schools have sent a total of 12 people per school * 4 schools = <<12*4=48>>48 people. #### 48",0,1,[invalid],48,"First, let's determine the number of players and coaches sent per school. 1. Each school has 2 teams (girls' and boys') with 5 players each: - Total players per school = 2 teams * 5 players/team = 10 players. 2. Each school also has a coach for each team: - Total coaches per school = 2 teams * 1 coach/team = 2 coaches. Now, let's calculate the total number of people (players and coaches) sent per school: - Total people per school = 10 players + 2 coaches = 12 people. Since there are 4 schools, the total number of people sent by all schools is: - Total people = 4 schools * 12 people/school = 48 people. Therefore, the total number of people sent by all the schools is 48.","First, let's determine the number of players and coaches sent per school. 1. Each school has 2 teams (girls' and boys') with 5 players each: - The girls' team has 5 players. - The boys' team also has 5 players. - Total players per school = 5 + 5 = 10 players. 2. Each school also has one coach for each team: - The girls' team has 1 coach. - The boys' team has 1 coach. - Total coaches per school = 1 + 1 = 2 coaches. Now, let's calculate the total number of people sent by one school: - Total people per school = 10 players + 2 coaches = 12 people. Since there are four schools, the total number of people sent by all schools is: - Total people = 4 schools * 12 people per school = 48 people. Therefore, the total number of people sent by all the schools is 48. The total number of people sent is 48 people. #### 48"
strict-match,69,v2_only,"In 8 weeks, Bailey receives $5 * 8 = $<<5*8=40>>40 in allowance Bailey started with $100 - $40 = $<<100-40=60>>60 #### 60",1,0,60,[invalid],"To determine how much money Bailey started with, we need to subtract the total amount of money she received from her weekly allowance from the total amount of money she has at the end of the 8 weeks. First, let's calculate the total amount of money Bailey received from her weekly allowance: \[ 5 \text{ dollars/week} \times 8 \text{ weeks} = 40 \text{ dollars} \] Next, we subtract this amount from the total amount of money she has at the end of the 8 weeks: \[ 100 \text{ dollars} - 40 \text{ dollars} = 60 \text{ dollars} \] Therefore, Bailey started with $60. #### 60","To determine how much money Bailey started with, we need to subtract the total amount of money she received from her weekly allowance from the total amount of money she has at the end of the 8 weeks. First, let's calculate the total amount of money Bailey received from her weekly allowance over 8 weeks: \[ 5 \text{ dollars/week} \times 8 \text{ weeks} = 40 \text{ dollars} \] Next, we know that at the end of the 8 weeks, Bailey has a total of $100. Let's denote the initial amount of money Bailey had as \( x \). The total amount of money Bailey has at the end of the 8 weeks is the sum of her initial amount and the money she received from her allowance: \[ x + 40 = 100 \] To find \( x \), we subtract 40 from both sides of the equation: \[ x + 40 - 40 = 100 - 40 \] \[ x = 60 \] Therefore, Bailey started with $60. \[ \boxed 60 \]"
strict-match,70,i2_only,"She teaches 5 dance classes 5 days a week so that's 5*5 = <<5*5=25>>25 classes She teaches 25 classes during the week and 8 classes on Saturday for a total of 25+8 = <<25+8=33>>33 classes There are 15 students in each of the 33 classes so there are 15*33 = <<15*33=495>>495 students Each student pays $15.00 per class and there are 495 students so Judy makes 15*495 = $<<15*495=7425>>7,425 #### 7425",0,1,4950,7425,"Judy teaches 5 dance classes every weekday, so she teaches a total of 5 classes/day * 5 days/week = 25 classes/week on weekdays. She also teaches 8 classes on Saturday. Each class has 15 students, so the total number of students she teaches is 25 classes/week + 8 classes/week = 33 classes/week. Judy charges $15.00 per student, so the total amount of money she makes in a week is 33 classes/week * $150/student/class = $4950/week. #### 4950","Judy teaches 5 dance classes every weekday, so she teaches a total of 5 classes/day * 5 days/week = 25 classes/week on weekdays. She also teaches 8 classes on Saturday, so she teaches a total of 25 classes + 8 classes = 33 classes/week. Each class has 15 students, so she teaches a total of 33 classes * 15 students/class = 495 students/week. Judy charges $15.00 per student, so she makes 495 students * $15.00/student = $7425.00/week. #### 7425"
strict-match,74,i2_only,"Artie will round his marigolds up from $2.74 to $3, since the number following the 2 is 5 or higher. Artie will round his petunias up from $1.87 to $2, since the number following the 1 is 5 or higher. Artie will round his begonias down from $2.12 to $2, since the number following the 2 is less than 5. Artie sells 12 marigolds x $3 = $<<12*3=36>>36 Artie sells 9 petunias x $2 = $<<9*2=18>>18 Artie sells 17 begonias x $2 = $<<17*2=34>>34 Altogether, Artie will make $36 + $18 + $34 = $<<36+18+34=88>>88 #### 88",0,1,[invalid],88,"To determine how much Artie will make, we need to calculate the total revenue from each type of flower and then sum these amounts. 1. **Marigolds:** - Price per pot: $2.74 - Number of pots sold: 12 - Revenue from marigolds: $2.74 * 12 = $32.88 2. **Petunias:** - Price per pot: $1.87 - Number of pots sold: 9 - Revenue from petunias: $1.87 * 9 = $16.83 3. **Begonia:** - Price per pot: $2.12 - Number of pots sold: 17 - Revenue from begonias: $2.12 * 17 = $36.04 Now, we sum the revenues from all the flowers: - Total revenue = $32.88 + $16.83 + $36.04 = $85.75 Artie will make $85.75.","To determine how much Artie will make, we need to calculate the total revenue from each type of flower and then sum these amounts. 1. **Marigolds:** - Price per pot: $2.74 (rounded to $3) - Number of pots sold: $2.74 (rounded to $3) - Total revenue: $3 * 12 = $36 2. **Petunias:** - Price per pot: $1.87 (rounded to $2) - Number of pots sold: $2 * 9 = $18 3. **Begonia:** - Price per pot: $2.12 (rounded to $2) - Number of pots sold: $2 * 17 = $34 Now, we sum up the revenues from all three types of flowers: - Total revenue = $36 (marigolds) + $18 (petunias) + $34 (begonias) = $88 Therefore, Artie will make $88 from selling the given quantities of flowers. #### 88"
strict-match,80,i2_only,"Each of the girls got 24 x 1/6 = <<24*1/6=4>>4 liters of water. So the two girls got a total of 4 x 2 = <<4*2=8>>8 liters. Thus, a total of 8 + 6 = <<8+6=14>>14 liters of water were gotten by the two girls and the boy. Therefore, 24 - 14 = <<24-14=10>>10 liters of water were left. #### 10",0,1,[invalid],10,"First, let's determine how much water each girl received. Each girl received \( \frac{1}{6} \) of the 24 liters of water. \[ \frac{1}{6} \times 24 = 4 \text{ liters} \] Since there are two girls, the total amount of water they received is: \[ 2 \times 4 = 8 \text{ liters} \] Next, let's find out how much water is left after the girls have received their share. We started with 24 liters of water. After the girls took 8 liters, the remaining water is: \[ 24 - 8 = 16 \text{ liters} \] Now, let's find out how much water is left after the boy took his share. The boy received 6 liters of water. \[ 16 - 6 = 10 \text{ liters} \] Therefore, the amount of water left is: \[ 10 \text{ liters} \] So, the final answer is: \boxed{10 \text{ liters}} \]","First, let's determine how much water each girl received. Each girl received \( \frac{1}{6} \) of the 24 liters of water: \[ \frac{1}{6} \times 24 = 4 \text{ liters} \] So, each girl received 4 liters of water. Since there are two girls, the total amount of water received by the girls is: \[ 2 \times 4 = 8 \text{ liters} \] Next, let's add the water received by the boy. The boy received 6 liters of water: \[ 8 \text{ liters (girls)} + 6 \text{ liters (boy)} = 14 \text{ liters} \] Finally, let's find out how much water is left. The initial amount of water was 24 liters. After giving out 14 liters, the amount of water left is: \[ 24 \text{ liters} - 14 \text{ liters} = 10 \text{ liters} \] So, the amount of water left is 10 liters. #### 10"
strict-match,82,i2_only,Alex weighs 125*4-2 = <<125*4-2=498>>498. Their combined weights are 125+498 = <<125+498=623>>623 pounds. #### 623,0,1,[invalid],623,"To find the combined weights of Grace and Alex, we need to follow these steps: 1. Determine Alex's weight. 2. Add Grace's weight to Alex's weight. First, let's find Alex's weight: - Grace weighs 125 pounds. - Alex weighs 2 pounds less than 4 times what Grace weighs. Calculate 4 times Grace's weight: \[ 4 \times 125 = 500 \text{ pounds} \] Now, subtract 2 pounds from this amount to find Alex's weight: \[ 500 - 2 = 498 \text{ pounds} \] So, Alex weighs 498 pounds. Next, we add Grace's weight to Alex's weight: - Grace's weight is 125 pounds. - Alex's weight is 498 pounds. Combine their weights: \[ 125 + 498 = 623 \text{ pounds} \] Therefore, the combined weights of Grace and Alex are 623 pounds. The final answer is 623 pounds.","To find the combined weights of Grace and Alex, we need to follow these steps: 1. Determine Alex's weight. 2. Add Grace's weight and Alex's weight to get their combined weight. First, let's find Alex's weight: - Grace weighs 125 pounds. - Alex weighs 2 pounds less than 4 times what Grace weighs. Calculate 4 times Grace's weight: \[ 4 \times 125 = 500 \text{ pounds} \] Now, subtract 2 pounds from this amount to find Alex's weight: \[ 500 - 2 = 498 \text{ pounds} \] So, Alex weighs 498 pounds. Next, we add Grace's weight and Alex's weight to find their combined weight: \[ 125 + 498 = 623 \text{ pounds} \] Therefore, the combined weight of Grace and Alex is 623 pounds. #### 623"
strict-match,85,i2_only,"Gene has been on 34 - 23 = <<34-23=11>>11 years of vacations, so he has 11 rows of blocks. He goes on 4 vacations a year, so he has been on 4 * 11 = <<4*11=44>>44 vacations. Gene has 1 shirt from each vacation, so he has 44 * 1 = <<44*1=44>>44 quilt blocks in all. #### 44",0,1,[invalid],44,"To determine the total number of quilt blocks Gene has, we need to follow these steps: 1. Calculate the number of years Gene has been vacationing. 2. Determine the number of vacations he has been on in those years. 3. Calculate the total number of quilt blocks based on the number of vacations. First, let's find the number of years Gene has been vacationing: - Gene has been vacationing since he was 23 years old. - He is now 34 years old. - Number of years = 34 - 23 = 11 years. Next, let's determine the number of vacations he has been on in those years: - Gene goes on 4 vacations per year. - Total number of vacations = 11 years * 4 vacations/year = 44 vacations. Finally, let's calculate the total number of quilt blocks: - Each vacation results in one quilt block. - Total number of quilt blocks = Total number of vacations = 44 vacations. Therefore, Gene has a total of 44 quilt blocks. The answer is: \[ \boxed{44} \]","To determine the total number of quilt blocks Gene has, we need to follow these steps: 1. Calculate the number of years Gene has been vacationing. 2. Determine the number of vacations he has gone on each year. 3. Calculate the total number of quilt blocks based on the number of years and the number of vacations per year. 1. Gene has been vacationing since he was 23 years old and is now 34 years old. \[ \text{Number of years} = 34 - 23 = 11 \] 2. Gene goes on 4 vacations each year. \[ \text{Number of vacations per year} = 4 \] 3. The total number of quilt blocks is the product of the number of years and the number of vacations per year. \[ \text{Total number of quilt blocks} = \text{Number of years} \times \text{Number of vacations per year} = 11 \times 4 = 44 \] Therefore, Gene has 44 total quilt blocks. #### 44"
strict-match,86,v2_only,"The second time Greg’s alarm went off, it rang three times as long as the first, so it rang 3 * 4 = <<3*4=12>>12 times the second time. The third time it went off, it rang half as long as the second, so it rang 12 / 2 = <<12/2=6>>6 times the third time. In all, Greg’s alarm rang 4 + 12 + 6 = <<4+12+6=22>>22 times. #### 22",1,0,22,[invalid],"To determine the total number of times the alarm rang, we need to calculate the number of rings for each occurrence and then sum them up. 1. The first time the alarm went off, it rang 4 times. 2. The second time it went off, it rang for three times as long as the first time. Since the first time it rang 4 times, the second time it rang \( 3 \times 4 = 12 \) times. 3. The third time it went off, it rang for half as long as the second time. Since the second time it rang 12 times, the third time it rang \( \frac{12}{2} = 6 \) times. Now, we add up all the rings: - First time: 4 rings - Second time: 12 rings - Third time: 6 rings Total rings = 4 + 12 + 6 = 22 rings #### 22","To determine the total number of times the alarm rang, we need to calculate the number of rings for each occurrence and then sum them up. 1. **First ringing:** - The alarm rang 4 times. 2. **Second ringing:** - The alarm rang for three times as long as the first time. - Since the first ringing lasted 4 times, the second ringing lasted \(3 \times 4 = 12\) times. 3. **Third ringing:** - The alarm rang for half as long as the second time. - Since the second ringing lasted 12 times, the third ringing lasted \(\frac{12}{2} = 6\) times. Now, we add up all the rings: - First ringing: 4 times - Second ringing: 12 times - Third ringing: 6 times Total rings = \(4 + 12 + 6 = 22\) Therefore, the alarm rang a total of 22 times."
strict-match,88,i2_only,"Let m be the number of copies Marilyn sold and h be the number Harald sold. We know that m + h = 80,000 and m = 10h. Substituting the second equation into the first, we get 10h + h = 88,000 Combining like terms, we get 11h = 88,000 Dividing both sides by 11, we get h = 8,000 #### 8000",0,1,"8,091","8,000","To determine how many copies Harald sold, we can set up an equation based on the information given. Let \( H \) represent the number of copies Harald sold. According to the problem, Marilyn's record sold 10 times as many copies as Harald's, so the number of copies sold by Marilyn is \( 10H \). The total number of copies sold by both Marilyn and Harald is 88,000. Therefore, we can write the equation: \[ H + 10H = 88,000 \] Combining like terms, we get: \[ 11H = 88,000 \] To find \( H \), we divide both sides of the equation by 11: \[ H = \frac{88,000}{11} \] Performing the division: \[ H = 8,090.91 \] Since the number of copies sold must be a whole number, we round to the nearest whole number. Therefore, Harald sold 8,091 copies. #### 8,091","To determine how many copies Harald sold, we can set up an equation based on the information given. Let \( H \) represent the number of copies Harald sold. According to the problem, Marilyn's record sold 10 times as many copies as Harald's, so we can express the number of copies sold by Marilyn as \( 10H \). The total number of copies sold by both Marilyn and Harald is given as 88,000. Therefore, we can write the equation: \[ H + 10H = 88,000 \] Combining the terms on the left side, we get: \[ 11H = 88,000 \] To find \( H \), we need to solve for \( H \) by dividing both sides of the equation by 11: \[ H = \frac{88,000}{11} \] Performing the division, we get: \[ H = 8,000 \] So, Harald sold 8,000 copies of his record. #### 8,000"
strict-match,92,i2_only,"James is 10 and 1 year younger than Corey, so Corey is 10 + 1 = <<10+1=11>>11 years old Amy is 2 years younger than Corey so is 11 - 2 = 9 years old Amy is also 5 years older than Jackson, so Jackson is 9 - 5 = <<9-5=4>>4 years old #### 4",0,1,[invalid],4,"To determine Jackson's age, we need to follow the given relationships between the ages of the children. 1. **James's Age**: James is 10 years old. 2. **Corey's Age**: James is 1 year younger than Corey. Therefore, Corey's age is: \[ \text{Corey's age} = \text{James's age} + 1 = 10 + 1 = 11 \text{ years old} \] 3. **Amy's Age**: Amy is 2 years younger than Corey. Therefore, Amy's age is: \[ \text{Amy's age} = \text{Corey's age} - 2 = 11 - 2 = 9 \text{ years old} \] 4. **Jackson's Age**: Amy is 5 years older than Jackson. Therefore, Jackson's age is: \[ \text{Jackson's age} = \text{Amy's age} - 5 = 9 - 5 = 4 \text{ years old} \] So, Jackson is \( 4 \) years old.","To determine Jackson's age, we need to follow the given relationships between the ages of the children. 1. **James's Age**: James is 10 years old. 2. **Corey's Age**: James is 1 year younger than Corey, so Corey's age is 10 + 1 = 11 years old. 3. **Amy's Age**: Amy is 2 years younger than Corey, so Amy's age is 11 - 2 = 9 years old. 4. **Jackson's Age**: Amy is 5 years older than Jackson, so Jackson's age is 9 - 5 = 4 years old. Therefore, Jackson is 4 years old. #### 4"
strict-match,93,i2_only,"If Lee runs the 400-meter hurdles in 38 seconds, which was two seconds faster than Gerald used to run the 400-meter hurdles, then Gerald initially would run the 400-meter hurdles in 38+2=<<38+2=40>>40 seconds. 10% of 40 seconds is 40*0.1=<<40*0.1=4>>4 seconds. The improved diet reduced Gerald's race time to 40-4=<<40-4=36>>36 seconds. #### 36",0,1,[invalid],36,"Let's denote Gerald's original time to run the 400-meter hurdles as \( G \) seconds. According to the problem, Lee used to run the 400-meter hurdles two seconds faster than Gerald. Therefore, Lee's original time was: \[ G - 2 = 38 \] Solving for \( G \): \[ G = 38 + 2 \] \[ G = 40 \] So, Gerald's original time to run the 400-meter hurdles was 40 seconds. Gerald's new diet improved his speed by 10%. To find his new time, we calculate 10% of his original time and subtract it from his original time: \[ G_{\text{new}} = G - 0.10G \] \[ G_{\text{new}} = 40 - 0.10 \times 40 \] \[ G_{\text{new}} = 40 - 4 \] \[ G_{\text{new}} = 36 \] Therefore, Gerald can now now run the 400-meter hurdles in 36 seconds.","Let's denote Gerald's original time to run the 400-meter hurdles as \( G \) seconds. According to the problem, Lee used to run the 400-meter hurdles 2 seconds faster than Gerald. Therefore, Gerald's original time was: \[ G = 38 - 2 = 40 \text{ seconds} \] Gerald's new diet improved his speed by 10%. To find his new time, we calculate 10% of his original time and subtract it from his original time: \[ \text{Improvement} = 0.10 \times 40 = 4 \text{ seconds} \] \[ \text{New time} = 40 - 4 = 36 \text{ seconds} \] So, with his improved diet, Gerald can run the 400-meter hurdles in 36 seconds. #### 36"
strict-match,98,i2_only,"The cars that exited do not need to be included so there were 30 original cars – 5 cars that exited = <<30-5=25>>25 cars that drove through the traffic jam. Most of the cars exited in the final 15 minutes so in the first 15 minutes, there must have been 25 total cars – 20 cars that drove through in the final 15 minutes = 5 cars that drove through the traffic jam. #### 5",0,1,15,5,"Let's denote the number of cars that drove through the traffic jam in the first 15 minutes as \( x \). Initially, there were 30 cars on the motorway. After the first 15 minutes, \( x \) cars drove through, so the number of cars remaining on the motorway is \( 30 - x \). In the next 15 minutes, 20 more cars drove through, so the number of cars on the motorway becomes \( (30 - x) + 20 = 50 - x \). However, 5 cars took an exit, so the number of cars remaining on the motorway is \( (50 - x) - 5 = 45 - x \). We are given that there were originally 30 cars on the motorway, so we can set up the equation: \[ 45 - x = 30 \] Solving for \( x \): \[ x = 45 - 30 \] \[ x = 15 \] Therefore, 15 cars drove through the traffic jam in the first 15 minutes. #### 15","Let's denote the number of cars that drove through the traffic jam in the first 15 minutes as \( x \). Initially, there were 30 cars on the motorway. After 5 cars take an exit, the number of cars remaining on the motorway is: \[ 30 - 5 = 25 \] After the first 15 minutes, \( x \) cars drive through, and then 20 more cars drive through in the remaining 15 minutes. Therefore, the total number of cars that drove through the traffic jam is: \[ x + 20 \] Since the number of cars that drove through the traffic jam is equal to the number of cars remaining on the motorway after the exit, we can set up the following equation: \[ x + 20 = 25 \] Solving for \( x \): \[ x + 20 = 25 \] \[ x = 25 - 20 \] \[ x = 5 \] So, the number of cars that drove through the traffic jam in the first 15 minutes is 5. #### 5"
strict-match,99,v2_only,"Yesterday, before receiving the plants, Mary had 2*40 = <<2*40=80>>80 potted plants After receiving an additional 18 plants, she therefore had a total of 80 + 18 = <<80+18=98>>98 potted plants Tomorrow, Mary’s plant giveaway will be 40 *1 = <<40*1=40>>40 potted plants. She will therefore remain with 98 - 40 = <<98-40=58>>58 potted plants. #### 58",1,0,58,[invalid],"Mary already has 2 potted plants on each of the 40 window ledges, so she has: \[ 2 \times 40 = 80 \text{ potted plants} \] She received 18 new potted plants, so her total number of potted plants is: \[ 80 + 18 = 98 \text{ potted plants} \] Mary plans to give away 1 potted plant from each of the 40 window ledges, so she will give away: \[ 40 \text{ potted plants} \] After giving away 40 potted plants, Mary will have: \[ 98 - 40 = 58 \text{ potted plants} \] Therefore, Mary will remain with 58 potted plants. #### 58","Mary already has 2 potted plants on each of the 40 window ledges, so she has: \[ 2 \times 40 = 80 \text{ potted plants} \] She received 18 new potted plants, so she now has: \[ 80 + 18 = 98 \text{ potted plants} \] Mary plans to give 1 potted plant from each ledge to her friends and family. Since there are 40 ledges, she will give away: \[ 40 \text{ potted plants} \] After giving away 40 potted plants, Mary will have: \[ 98 - 40 = 58 \text{ potted plants} \] Therefore, Mary will remain with 58 potted plants."
strict-match,106,v2_only,"The walls subtract 2*1=<<2*1=2>>2 inches from each dimension So each box has 5-2=<<5-2=3>>3 inch width It also has a 6-2=<<6-2=4>>4 inch height Finally, it has a 4-2=<<4-2=2>>2 inch depth So the inner volume of one box is 4*3*2=<<4*3*2=24>>24 cubic inches So in total the inner volume of the 3 boxes is 3*24=<<3*24=72>>72 cubic inches #### 72",1,0,72,[invalid],"First, we need to determine the inner dimensions of each box after accounting for the 1-inch thick walls. The outer dimensions of each box are: - Length: 5 inches - Width: 6 inches - Height: 4 inches Since the walls are 1 inch thick on all sides, we subtract 2 inches from each dimension to get the inner dimensions: - Length: 5 inches - 2 inches = 3 inches - Width: 6 inches - 2 inches = 4 inches - Height: 4 inches - 2 inches = 2 inches Next, we calculate the inner volume of one box: - Inner volume of one box = Length × Width × Height - Inner volume of one box = 3 inches × 4 inches × 2 inches = 24 cubic inches Since John has 3 boxes, we multiply the inner volume of one box by 3: - Total inner volume = Inner volume of one box × 3 - Total inner volume = 24 cubic inches × 3 = 72 cubic inches #### 72 The inner volume of all three boxes is 72 cubic inches.","First, we need to determine the inner dimensions of each box after accounting for the 1-inch thick walls. The outer dimensions of each box are: - Length: 5 inches - Width: 6 inches - Height: 4 inches Since the walls are 1 inch thick, we subtract 2 inches from each dimension to get the inner dimensions: - Length: 5 inches - 2 inches = 3 inches - Width: 6 inches - 2 inches = 4 inches - Height: 4 inches - 2 inches = 2 inches Now, we calculate the inner volume of one box: - Inner volume = Length × Width × Height - Inner volume = 3 inches × 4 inches × 2 inches - Inner volume = 24 cubic inches Since John has 3 boxes, we multiply the inner volume of one box by 3: - Total inner volume = Inner volume of one box × Number of boxes - Total inner volume = 24 cubic inches × 3 - Total inner volume = 72 cubic inches Therefore, the total inner volume of all 3 boxes combined is 72 cubic inches."
strict-match,110,v2_only,Beatrice ate 48 because 24 x 2 = <<24*2=48>>48. Marcell ate 42 because 14 x 3 = <<14*3=42>>42 In total they ate 90 because 48 + 42 = <<48+42=90>>90 On average they ate 45 because 90 / 2 = <<90/2=45>>45 #### 45,1,0,45,[invalid],"To find the average number of fruit roll-ups eaten by Marcell and Beatrice, we first need to calculate the total number of roll-ups each person ate. Beatrice's roll-ups: - Width: 2 roll-ups - Length: 24 roll-ups - Total roll-ups = 2 * 24 roll-ups = 48 roll-ups-ups Marcell's roll-ups: - Width: 3 roll-ups - Length: 14 roll-ups - Total roll-ups = 3 * 14 roll-ups = 42 roll-ups Next, we find the total number of roll-ups eaten by both: - Total roll-ups = Beatrice's roll-ups + Marcell's total roll-ups - Total roll-ups = 48 roll-ups + 42 roll-ups = 90 roll-ups Finally, we calculate the average number of roll-ups eaten: - Average roll-ups = Total roll-ups / Number of people - Average roll-ups = 90 roll-ups / 2 people = 45 roll-ups So, the average number of fruit roll-ups eaten by Marcell and Beatrice is 45. #### 45","To find the average number of fruit roll-ups eaten by Marcell and Beatrice, we first need to calculate the total number of roll-ups each person ate. **Beatrice's roll-ups:** - Beatrice's roll-ups are 2 roll-ups wide and 24 roll-ups long. - Each roll-up is a single row of 2 roll-ups. - Total roll-ups Beatrice ate = 2 * 24 = 48 roll-ups. **Marcell's roll-ups:** - Marcell's roll-ups are 3 roll-ups wide and 14 roll-ups long. - Each roll-up is a single row of 3 roll-ups. - Total roll-ups Marcell ate = 3 * 14 = 42 roll-ups. **Total roll-ups eaten by both:** - Total roll-ups = 48 + 42 = 90 roll-ups. **Average number of roll-ups eaten:** - Average = Total roll-ups / Number of people - Average = 90 / 2 = 45 roll-ups. So, the average number of roll-ups eaten by Marcell and Beatrice is 45 roll-ups."
strict-match,113,v2_only,"Ryan plants 2*15=<<2*15=30>>30 flowers in total. Given 5 plants did not grow, he has 30-5=<<30-5=25>>25 flowers in his garden. #### 25",1,0,25,[invalid],"First, calculate the total number of flowers Ryan plants in 15 days: \[ \text{flowers/day} \times 15 \text{ days} = 30 \text{ flowers} \] Next, subtract the number of flowers that did not grow: \[ \text{flowers} - 5 \text{ flowers} = 25 \text{ flowers} \] So, Ryan has 25 flowers. #### 25","First, calculate the total number of flowers Ryan plants in 15 days: \[ \text{flowers/day} \times 15 \text{ days} = 30 \text{ flowers} \] Next, subtract the number of flowers that did not grow: \[ \text{flowers} - 5 \text{ flowers} = 25 \text{ flowers} \] So, Ryan has 25 flowers. 255"
strict-match,114,v2_only,"Since Jamal's phone can hold 1800 photos, which is 6 times more than Brittany's phone can hold, Brittany's phone can hold `1800/6=<<1800/6=300>>300 photographs. Since Brittany's phone can hold 50 times more photos than the number of birds in Jamal's photograph, then 300/50=6 ducks can be seen in Jamal's photograph of ducks at the zoo. #### 6",1,0,6,[invalid],"Let's denote the number of photographs that Brittany's phone can hold as \( B \). According to the problem, Jamal's phone can hold 6 times more photographs than Brittany's phone. Therefore, Brittany's phone can hold \( 6B = 1800 \) photographs. Solving for \( B \): \[ B = \frac{1800}{6} = 300 \] So, Brittany's phone can hold 300 photographs. Next, we know that the maximum number of photographs that Brittany's phone can hold is 50 times more than the number of birds in Jamal's photograph of the ducks at the zoo. Let \( D \) be the number of birds in Jamal's photograph. Therefore, Brittany's phone can hold \( 50D \) photographs. Since Brittany's phone can hold 300 photographs: \[ 50D = 300 \] Solving for \( D \): \[ D = \frac{300}{50} = 6 \] So, Jamal's photograph of the ducks shows 6 ducks. #### 6 ducks","Let's denote the number of photographs that Brittany's phone can hold as \( B \). According to the problem, Jamal's phone can hold 6 times more photographs than Brittany's phone. Therefore, Brittany's phone can hold: \[ B = \frac{1800}{6} = 300 \] The problem also states that the maximum number of photographs that Brittany's phone can hold is 50 times more than the number of birds in Jamal's photograph of the ducks at the zoo. Let \( D \) be the number of birds in Jamal's photograph. According to the problem: \[ B = 50D \] We already know \( B = 300 \), so we can set up the equation: \[ 300 = 50D \] To find \( D \), we solve for \( D \): \[ D = \frac{300}{50} = 6 \] Therefore, the number of ducks that can be seen in Jamal's photograph of the ducks at the zoo is \( D = 6 \). The answer is \( \boxed{6} \)."
strict-match,116,i2_only,"The total ratio representing the ingredients she used to make the coffee is 7+13 = <<7+13=20>>20 Since the fraction representing the number of teaspoons she used is 7/20, she used 7/20*120 = <<7/20*120=42>>42 #### 42",0,1,910,42,"To determine the number of teaspoonfuls of sugar Katy used, we need to use the given ratio of teaspoons of sugar to cups of water, which is 7:13. First, let's find the total number of parts in the ratio: \[ 7 + 13 = 20 \] Next, we know that the total number of teaspoons of sugar and cups of water combined is 120. Since the ratio is 7:13, we can set up the following proportion to find the number of parts in the ratio: \[ \frac{7}{13} = \frac{120}{x} \] Solving for \( x \): \[ x = \frac{120}{7} \times 13 = 10 \times 13 = 130 \] So, each part of the ratio represents 130 units. Since the ratio of teaspoons of sugar is 7 parts, we calculate: \[ 7 \times 130 = 910 \] Therefore, the number of teaspoonfuls of sugar Katy used is: #### 910 teaspoons","To determine the number of teaspoonfuls of sugar Katy used, we need to use the given ratio of teaspoons of sugar to cups of water, which is 7:13. First, let's find the total number of parts in the ratio: \[ 7 + 13 = 20 \] Next, we know that the total number of teaspoons of sugar and cups of water combined is 120. Since the ratio is not specify the number of cups of water, we assume that the total number of teaspoons of sugar and cups of water is the same. Therefore, we can calculate the number of teaspoons of sugar by dividing the total number of teaspoons by the total number of parts: \[ \text{Number of teaspoons of sugar} = \frac{120}{20} = 6 \] Since each part of the ratio represents 7 teaspoons of sugar, we multiply the number of teaspoons of sugar by 7 to find the total number of teaspoons of sugar: \[ \text{Total teaspoons of sugar} = 6 \times 7 = 42 \] Therefore, Katy used 42 teaspoonsfuls of sugar. #### 42"
strict-match,124,i2_only,She stamped 60/3=<<60/3=20>>20 letters. Then there were 30-20=<<30-20=10>>10 in the already-stamped pile to begin with. #### 10,0,1,[invalid],10,"First, determine how many letters Jennie stamps. She puts stamps on one-third of the 60 letters needing stamps: \[ \frac{1}{3} \times 60 = 20 \] So, Jennie stamps 20 letters. Next, calculate the number of letters left needing stamps after she stamps them: \[ 60 - 20 = 40 \] Now, let \( x \) be the number of letters in the pile of already-stamped letters when Jennie began. After stamping 20 letters, there are now 30 letters in the pile of already-stamped letters. Therefore, the total number of letters in the pile of already-stamped letters now is the sum of the letters she started with and the letters she stamped: \[ x + 20 = 30 \] Solving for \( x \): \[ x = 30 - 20 \] \[ x = 10 \] So, there were 10 letters in the pile of already-stamped letters when Jennie began. The final answer is \( \boxed{10} \).","First, determine how many letters Jennie stamps. She puts stamps on one-third of the 60 letters needing stamps: \[ \frac{1}{3} \times 60 = 20 \] So, Jennie stamps 20 letters. Next, calculate the number of letters left needing stamps after she stamps them: \[ 60 - 20 = 40 \] Now, let there are currently 30 letters in the pile of already-stamped letters. Let \( x \) be the number of letters in the pile of already-stamped letters when Jennie began. Since she stamped 20 letters and now has 30 letters, the number of letters in the pile of already-stamped letters when Jennie began can be expressed as: \[ x + 20 = 30 \] Solving for \( x \): \[ x = 30 - 20 \] \[ x = 10 \] Therefore, the number of letters in the pile of already-stamped letters when Jennie began is: \[ \boxed{10} \] #### 10"
strict-match,128,v2_only,"A watermelon costs three times what pepper costs, which is 3 * 15 = $<<3*15=45>>45. An orange price is 45 - 5= $<<45-5=40>>40. Dillon buys four watermelons at a total cost of 45 * 4 = $<<45*4=180>>180. He also purchases peppers at a total price of 20 * 15 = $<<20*15=300>>300. The oranges cost him a total of 10 * 40 = $<<10*40=400>>400. He used a total of 400 + 300 + 180 = $<<400+300+180=880>>880. #### 880",1,0,880,[invalid],"First, let's determine the cost of each item: 1. Each pepper costs $15. 2. A watermelon costs three times what each pepper costs, so each watermelon costs \(3 \times 15 = 45\) dollars. 3. An orange costs 5 less than what a watermelon costs, so each orange costs \(45 - 5 = 40\) dollars. Now, let's calculate the total cost for each item: - Dillon needs to buy 4 watermelons, so the cost for watermelons is \(4 \times 45 = 180\) dollars. - Dillon needs to buy 20 peppers, so the cost for peppers is \(20 \times 15 = 300\) dollars. - Dillon needs to buy 10 oranges, so the cost for oranges is \(10 \times 40 = 400\) dollars. Finally, let's add up all the costs to find the total amount of money Dillon will spend: \[ 180 + 300 + 400 = 880 \] #### 880","First, let's determine the cost of each item: 1. Each pepper costs $15. 2. A watermelon costs three times what each pepper costs, so each watermelon costs \(3 \times 15 = 45\) dollars. 3. An orange costs 5 less than a watermelon, so each orange costs \(45 - 5 = 40\) dollars. Now, let's calculate the total cost for each item: - Dillon needs to buy 4 watermelons, so the cost for watermelons is \(4 \times 45 = 180\) dollars. - Dillon needs to buy 20 peppers, so the cost for peppers is \(20 \times 15 = 300\) dollars. - Dillon needs to buy 10 oranges, so the cost for oranges is \(10 \times 40 = 400\) dollars. Finally, let's add up the total cost: \[ 180 + 300 + 400 = 880 \] So, the total amount of money Dillon will spend is 880 dollars."
strict-match,130,i2_only,"First, divide the starting number of elves by 3 to find out how many quit after being vomited on, which is 60 elves / 3 = <<60/3=20>>20 elves. Then subtract that number from the starting number of elves to find out how many are left: 60 elves - 20 elves = <<60-20=40>>40 elves. Then subtract the number of elves who quit after being kicked to find the total number who left: 40 elves - 10 elves = <<40-10=30>>30 elves. #### 30",0,1,[invalid],30,"First, we need to determine how many elves quit after children vomit on them. Since a third of the elves quit, we calculate: \[ \frac{1}{3} \times 60 = 20 \] So, 20 elves quit. Next, we subtract the number of elves who quit from the original number of elves: \[ 60 - 20 = 40 \] Then, we subtract the 10 who quit after kids kick their shins: \[ 40 - 10 = 30 \] Therefore, there are 30 elves left.","First, we need to determine how many elves quit after children vomit on them. Since a third of the elves quit, we calculate: \[ \frac{1}{3} \times 60 = 20 \] So, 20 elves quit after children vomit on them. Next, we subtract the number of elves who quit from the initial number of elves: \[ 60 - 20 = 40 \] Therefore, 40 elves are left after the first incident. Then, we need to account for the elves who quit after kids kick their shins. Since 10 of the remaining elves quit, we calculate: \[ 40 - 10 = 30 \] So, 30 elves are left after the second incident. Thus, the number of elves left is 30. #### 30"
strict-match,135,i2_only,"If Brian previously had 20 video games but lost 5, that means he now has 20-5=<<20-5=15>>15 video games Brian has 15 video games, so if Bobby has 5 fewer than 3 times as many as Brian does we must first perform 15*3=45 We then subtract 5 from the previous total for 45-5=40 games in total. #### 40",0,1,35,40,"Brian has 20 video games but lost 5, so he currently has 20 - 5 = 15 video games. Bobby has 5 fewer than 3 times as many video games as Brian, so Bobby has 3 * 15 - 5 = 35 video games. #### 35","Brian has 20 video games but lost 5, so he currently has 20 - 5 = 15 video games. Bobby has 5 fewer than 3 times as many video games as Brian, so we need to calculate 3 times Brian's video games and then subtract 5. 3 times Brian's video games is 3 * 15 = 45. Therefore, Bobby has 45 - 5 = 40 video games. #### 40"
strict-match,136,i2_only,Scottish Unicorns:27(1/3)=9 Female:9(2/3)=6 unicorns #### 6,0,1,[invalid],6,"To determine the number of female Scottish unicorns, we need to follow these steps: 1. Calculate the total number of unicorns in the Scottish Highlands. 2. Determine the number of female Scottish unicorns. First, let's find the number of unicorns in the Scottish Highlands: - We know there are 27 unicorns in total. - One third of these unicorns are in the Scottish Highlands. \[ \text{Number of unicorns in the Scottish Highlands} = \frac{1}{3} \times 27 = 9 \] Next, we need to find out how many of these Scottish unicorns are female: - Two thirds of the Scottish unicorns are female. \[ \text{Number of female Scottish unicorns} = \frac{2}{3} \times 9 \] To calculate this, we can multiply 9 by \(\frac{2}{3}\): \[ \text{Number of female Scottish unicorns} = 9 \times \frac{2}{3} = 6 \times 2 = 12 \] Therefore, there are 6 female Scottish unicorns.","To determine the number of female Scottish unicorns, we need to follow these steps: 1. Calculate the total number of unicorns in the Scottish Highlands. 2. Determine the number of female Scottish unicorns. First, we know that one third of the 27 unicorns are in the Scottish Highlands. Therefore, we calculate the number of unicorns in the Scottish Highlands as follows: \[ \text{Number of unicorns in the Scottish Highlands} = \frac{1}{3} \times 27 = 9 \] Next, we know that two thirds of the Scottish unicorns are female. Therefore, we calculate the number of female Scottish unicorns as follows: \[ \text{Number of female Scottish unicorns} = \frac{2}{3} \times 9 \] To perform this multiplication, we can simplify it by first dividing 9 by 3 and then multiplying by 2: \[ \frac{9}{3} \times 2 = 3 \times 2 = 6 \] Thus, the number of female Scottish unicorns is: \[ \boxed{6} \] #### 6"
strict-match,140,v2_only,"12 + 4 = <<12+4=16>>16 cars are either automatic or manual. So, 20 - 16 = <<20-16=4>>4 cars are semi-automatic. Therefore, the percentage of semi-automatic cars is 4/20 x 100% = 20%. #### 20",1,0,20,[invalid],"To find the percentage of semi-automatic cars, we first need to determine the number of semi-automatic cars. Given: - Total cars = 20 - Automatic cars = 12 - Manual cars = 4 Number of semi-automatic cars = Total cars - Automatic cars - Manual cars Number of semi-automatic cars = 20 - 12 - 4 Number of semi-automatic cars = 4 Now, we calculate the percentage of semi-automatic cars: Percentage of semi-automatic cars = (Number of semi-automatic cars / Total number of cars) * 100 Percentage of semi-automatic cars = (4 / 20) * 100 Percentage of semi-automatic cars = 20% Therefore, 20% of the cars are semi-automatic. #### 20%","To find the percentage of semi-automatic cars, we first need to determine the number of semi-automatic cars. Given: - Total cars of cars = 20 - Automatic cars = 12 - Manual cars = 4 Number of semi-automatic cars = Total cars - Automatic cars - Manual cars Number of semi-automatic cars = 20 - 12 - 4 Number of semi-automatic cars = 4 Next, we calculate the percentage of semi-automatic cars: Percentage of semi-automatic cars = (Number of semi-automatic cars / Total number of cars) * 100 Percentage of semi-automatic cars = (4 / 20) * 100 Percentage of semi-automatic cars = 0.2 * 100 Percentage of semi-automatic cars = 20% Therefore, 20% of the cars are semi-automatic."
strict-match,141,v2_only,Let x represent the number of queens Babies:2x Workers:2(2x)=4x Total:x+2x+4x=700 7x=700 x=<<100=100>>100 queen bees Workers:4(100)=400 worker bees #### 400,1,0,400.,[invalid],"Let's denote the number of queens as \( Q \). According to the problem, there are twice as many baby bees as queens, so the number of baby bees is \( 2Q \). There are twice as many worker bees as baby bees, so the number of worker bees is \( 2 \times 2Q = 4Q \). The total number of bees in the hive is the sum of the queens, baby bees, and worker bees: \[ Q + 2Q + 4Q = 700 \] Combining like terms: \[ 7Q = 700 \] Solving for \( Q \): \[ Q = \frac{700}{7} = 100 \] So, the number of queens is 100. The number of baby bees is \( 2Q = 2 \times 100 = 200 \). The number of worker bees is \( 4Q = 4 \times 100 = 400 \). Therefore, there are 400 worker bees. #### 400.","Let's denote the number of queens as \( Q \). According to the problem, there are twice as many baby bees as queens, so the number of baby bees is \( 2Q \). There are twice as many worker bees as baby bees, so the number of worker bees is \( 2 \times 2Q = 4Q \). The total number of bees in the hive is the sum of the queens, baby bees, and worker bees: \[ Q + 2Q + 4Q = 7Q \] We know that the total number of bees is 700, so: \[ 7Q = 700 \] Solving for \( Q \): \[ Q = \frac{700}{7} = 100 \] So, there are 100 queens. Since there are twice as many worker bees as baby bees, the number of worker bees is: \[ 4Q = 4 \times 100 = 400 \] Therefore, there are 400 worker bees in the hive. \boxed{400}"
strict-match,142,i2_only,"Jordan plays video games for 2 hours every day x 7 days in a week = <<2*7=14>>14 hours a week. If Jordan spent his 14 hours working instead, he would make 14 hours x $10 = $<<14*10=140>>140. #### 140",0,1,[invalid],140,"To determine how much money Jordan would earn in one week if he spent his video game time working instead, we need to follow these steps: 1. Calculate the total number of hours Jordan spends playing video games in a week. 2. Determine how much money he would earn if he spent that time working instead. First, let's calculate the total number of hours Jordan spends playing video games in a week: - Jordan plays video games for 2 hours every day. - There are 7 days in a week. - Therefore, the total number of hours spent playing video games in a week is \( 2 \text{ hours/day} \times 7 \text{ days/week} = 14 \text{ hours/week} \). Next, let's determine how much money he would earn if he spent that time working instead: - Jordan earns $10 per hour. - Therefore, for 14 hours of work, he would earn \( 14 \text{ hours} \times \$10/\text{hour} = \$140 \). Jordan would earn $140 in one week if he spent his video game time working instead.","To determine how much money Jordan would earn in one week if he spent his video game time working instead, we need to follow these steps: 1. Calculate the total number of hours Jordan spends playing video games in a week. 2. Determine the total number of hours Jordan would work in a week if he spent that time working. 3. Calculate the total earnings based on his hourly wage. First, let's calculate the total number of hours Jordan spends playing video games in a week: - Jordan plays video games for 2 hours every day. - There are 7 days in a week. - Total hours spent playing video games in a week = 2 hours/day * 7 days/week = 14 hours. Next, let's determine the total number of hours Jordan would work in a week if he spent that time working: - Jordan spends 14 hours playing video games in a week. Now, let's calculate the total earnings based on his hourly wage: - Jordan earns $10 per hour. - Total earnings for 14 hours working = 14 hours/week * $10/hour = $140. #### 140"
